hvdc_code,shipment_invoice_no,vendor,coe,pol,pod,vessel,hs_code,currency,price
HVDC-ADOPT-HE-0001,PRL-DAS-002-O Lot1,HITACHI,Sweden,Gothenburg,Khalifa port,MSC China,85044083,SEK,433859.0
HVDC-ADOPT-HE-0002,PRL-DAS-002-O Lot2,HITACHI,Sweden,Gothenburg,Khalifa port,MSC Ambra,85044083,SEK,433859.0
HVDC-ADOPT-HE-0003,PRL-DAS-002-O9 Lot5,HITACHI,Sweden,Gothenburg,Khalifa port,MSC Ambra,85044083,SEK,433859.0
HVDC-ADOPT-HE-0004,PRL-DAS-002-O Lot7,HITACHI,Sweden,Gothenburg,Khalifa port,MSC Tessa,85044083,SEK,433859.0
HVDC-ADOPT-HE-0005,PRL-DAS-002-O Lot6,HITACHI,Sweden,Gothenburg,Khalifa port,MSC Loretto,85044083,SEK,333859.0
HVDC-ADOPT-HE-0007,PRL-DAS-002-O Lot3,HITACHI,Belgium,Antwerp,Khalifa port,MSC Ambra,85412900,SEK,2079511.0
HVDC-ADOPT-HE-0008,PRL-DAS-002-O1 Lot1,HITACHI,Sweden,Gothenburg,Khalifa port,MSC Ambra,85412900,SEK,2079511.0
HVDC-ADOPT-HE-0009,PRL-DAS-002-O2 Lot4,HITACHI,Sweden,Gothenburg,Khalifa port,MSC Ambra,85412900,SEK,2079511.0
HVDC-ADOPT-HE-0010,PRL-DAS-002-O3 Lot4,HITACHI,Sweden,Gothenburg,Khalifa port,MSC Ambra,85412900,SEK,2079511.0
HVDC-ADOPT-HE-0011,PRL-DAS-002-O4 Lot4,HITACHI,Sweden,Gothenburg,Khalifa port,MSC Ambra,85412900,SEK,2079511.0
HVDC-ADOPT-HE-0012,PRL-DAS-001-O Lot 1,HITACHI,Belgium,Antwerp,Khalifa port,Evelyn Maers,8504 50 00,EUR,129230.7
HVDC-ADOPT-HE-0013,PRL-DAS-001-O Lot 1 Spare,HITACHI,Belgium,Antwerp,Khalifa port,Evelyn Maers,8504 50 00,EUR,129230.7
HVDC-ADOPT-HE-0014,PRL-MIR-001-O Lot1,HITACHI,Belgium,Antwerp,Khalifa port,Evelyn Maers,8504 50 00,EUR,129230.7
HVDC-ADOPT-HE-0015,PRL-MIR-001-O Lot1 Spare,HITACHI,Belgium,Antwerp,Khalifa port,Evelyn Maers,8504 50 00,EUR,129230.7
HVDC-ADOPT-HE-0016,PRL-SHU-001-O Lot1,HITACHI,Belgium,Antwerp,Khalifa port,Evelyn Maers,8504 50 00,EUR,129230.7
HVDC-ADOPT-HE-0017,PRL-SHU-001-O Lot1 Spare,HITACHI,Belgium,Antwerp,Khalifa port,Evelyn Maers,8504 50 00,EUR,129230.7
HVDC-ADOPT-HE-0018,PRL-ZAK-001-O Lot 1,HITACHI,Belgium,Antwerp,Khalifa port,Evelyn Maers,8504 50 00,EUR,129230.7
HVDC-ADOPT-HE-0019,PRL-ZAK-001-O Lot 1 Spare,HITACHI,Belgium,Antwerp,Khalifa port,Evelyn Maers,8504 50 00,EUR,129230.7
HVDC-ADOPT-HE-0020,PRL-DAS-002-O5 Lot4,HITACHI,Sweden,Gothenburg,Khalifa port,MSC Ambra,85412900,SEK,2079511.0
HVDC-ADOPT-HE-0021,PRL-SHU-003-O1 Lot 1,HITACHI,Belgium,Antwerp,Khalifa port,MSC Ambra,8504 50 00,EUR,164968.3
HVDC-ADOPT-HE-0022,PRL-DAS-003-O1 LOT1,HITACHI,Belgium,Antwerp,Khalifa port,MSC Ambra,8504 50 00,EUR,164968.3
HVDC-ADOPT-HE-0023,PRL-DAS-003-O2 LOT1,HITACHI,Belgium,Antwerp,Khalifa port,MSC Tessa,85045000,EUR,164968.3
HVDC-ADOPT-HE-0024,PRL-SHU-003-O2 Lot 1,HITACHI,Belgium,Antwerp,Khalifa port,MSC Tessa,85045000,EUR,164968.3
HVDC-ADOPT-HE-0025,PRL-MIR-003-O1 Lot 1,HITACHI,Belgium,Antwerp,Khalifa port,MSC Tessa,85045000,EUR,164968.3
HVDC-ADOPT-HE-0026,PRL-DAS-003-O3 LOT1,HITACHI,Belgium,Antwerp,Khalifa port,MSC Tessa,85045000,EUR,164968.3
HVDC-ADOPT-HE-0027,PRL-DAS-002-O Lot8,HITACHI,Sweden,Gothenburg,Khalifa port,MSC Tessa,85044083,SEK,433859.0
HVDC-ADOPT-HE-0028,PRL-SHU-003-O3 Lot 1,HITACHI,Belgium,Antwerp,Khalifa port,MARIE Maersk,85045000,EUR,164968.3
HVDC-ADOPT-HE-0029,PRL-ZAK-003 O1 Lot 1,HITACHI,Belgium,Antwerp,Khalifa port,EDITH Maersk,85045010,EUR,164968.3
HVDC-ADOPT-HE-0030,PRL-ZAK-003-O3 LOT1,HITACHI,Belgium,Antwerp,Khalifa port,EUGEN Maersk,85045010,EUR,164968.3
HVDC-ADOPT-HE-0031,PRL-ZAK-003-O6 LOT1,HITACHI,Belgium,Antwerp,Khalifa port,ESTELLE Maersk,85045010,EUR,164968.3
HVDC-ADOPT-HE-0032,PRL-ZAK-003-O7 LOT1,HITACHI,Belgium,Antwerp,Khalifa port,ELLY Maersk,85045010,EUR,164968.3
HVDC-ADOPT-HE-0033,PRL-DAS-001-O Lot 2,HITACHI,Belgium,Antwerp,Khalifa port,EUGEN Maersk,85045010,EUR,64615.25
HVDC-ADOPT-HE-0034,PRL-DAS-001-O Lot 3 Spare,HITACHI,Belgium,Antwerp,Khalifa port,EUGEN Maersk,85045010,EUR,129230.7
HVDC-ADOPT-HE-0035,PRL-DAS-003-O Lot2,HITACHI,Belgium,Antwerp,Khalifa port,EUGEN Maersk,85045010,EUR,9144.24
HVDC-ADOPT-HE-0036,PRL-DAS-003-O Lot3,HITACHI,Belgium,Antwerp,Khalifa port,EUGEN Maersk,85045010,EUR,9144.24
HVDC-ADOPT-HE-0037,PRL-DAS-003-O Lot4 Spare,HITACHI,Belgium,Antwerp,Khalifa port,EUGEN Maersk,85045010,EUR,9144.24
HVDC-ADOPT-HE-0038,PRL-SHU-001-O Lot2,HITACHI,Belgium,Antwerp,Khalifa port,EUGEN Maersk,85045010,EUR,64615.25
HVDC-ADOPT-HE-0039,PRL-SHU-001-O Lot3 Spare,HITACHI,Belgium,Antwerp,Khalifa port,EUGEN Maersk,85045010,EUR,129230.7
HVDC-ADOPT-HE-0040,PRL-SHU-003-O Lot2,HITACHI,Belgium,Antwerp,Khalifa port,EUGEN Maersk,85045010,EUR,9144.24
HVDC-ADOPT-HE-0041,PRL-SHU-003-O Lot3,HITACHI,Belgium,Antwerp,Khalifa port,EUGEN Maersk,85045010,EUR,8535.84
HVDC-ADOPT-HE-0042,PRL-SHU-001-O Lot4 Spare,HITACHI,Belgium,Antwerp,Khalifa port,EUGEN Maersk,85045010,EUR,9144.24
HVDC-ADOPT-HE-0043,PRL-MIR-001-O Lot2,HITACHI,Belgium,Antwerp,Khalifa port,EUGEN Maersk,85045010,EUR,64615.25
HVDC-ADOPT-HE-0044,PRL-MIR-001-O Lot3 Spare,HITACHI,Belgium,Antwerp,Khalifa port,EUGEN Maersk,85045010,EUR,129230.7
HVDC-ADOPT-HE-0045,PRL-MIR-003-O Lot2,HITACHI,Belgium,Antwerp,Khalifa port,EUGEN Maersk,85045010,EUR,9144.24
HVDC-ADOPT-HE-0046,PRL-MIR-003-O Lot3,HITACHI,Belgium,Antwerp,Khalifa port,EUGEN Maersk,85045010,EUR,8535.83
HVDC-ADOPT-HE-0047,PRL-MIR-001-O Lot4 Spare,HITACHI,Belgium,Antwerp,Khalifa port,EUGEN Maersk,85045010,EUR,9144.24
HVDC-ADOPT-HE-0048,PRL-ZAK-001-O Lot2,HITACHI,Belgium,Antwerp,Khalifa port,EUGEN Maersk,85045010,EUR,64615.25
HVDC-ADOPT-HE-0049,PRL-ZAK-001-O Lot3 Spare,HITACHI,Belgium,Antwerp,Khalifa port,EUGEN Maersk,85045010,EUR,129230.7
HVDC-ADOPT-HE-0050,PRL-ZAK-003-O Lot2,HITACHI,Belgium,Antwerp,Khalifa port,EUGEN Maersk,85045010,EUR,9144.24
HVDC-ADOPT-HE-0051,PRL-ZAK-003-O Lot3,HITACHI,Belgium,Antwerp,Khalifa port,EUGEN Maersk,85045010,EUR,8535.84
HVDC-ADOPT-HE-0052,PRL-ZAK-001-O Lot4 Spare,HITACHI,Belgium,Antwerp,Khalifa port,EUGEN Maersk,85045010,EUR,9144.24
HVDC-ADOPT-HE-0053,PRL-SHU-002-O Lot 3,HITACHI,Sweden,Gothenburg,Khalifa port,MSC Irene,85049090,SEK,2079700.0
HVDC-ADOPT-HE-0054,PRL-SHU-002-O1 Lot1,HITACHI,Sweden,Gothenburg,Khalifa port,MSC Irene,85049090,SEK,433859.0
HVDC-ADOPT-HE-0055,PRL-SHU-002-O LOT2,HITACHI,Sweden,Gothenburg,Khalifa port,ELLY Maersk,85049000,SEK,433859.0
HVDC-ADOPT-HE-0056,PRL-SHU-002-O2 Lot1,HITACHI,Sweden,Gothenburg,Khalifa port,MSC Irene,85049090,SEK,433859.0
HVDC-ADOPT-HE-0057,PRL-SHU-003-O4 LOT1,HITACHI,Belgium,Antwerp,Khalifa port,EDITH Maersk,85045010,EUR,164968.3
HVDC-ADOPT-HE-0058,PRL-MIR-003-O2 Lot 1,HITACHI,Belgium,Antwerp,Khalifa port,MARIE Maersk,85045000,EUR,164968.3
HVDC-ADOPT-HE-0059,PRL-MIR-003-O3 Lot 1,HITACHI,Belgium,Antwerp,Khalifa port,MARIE Maersk,85045000,EUR,164968.3
HVDC-ADOPT-HE-0060,PRL-DAS-003-O4 LOT1,HITACHI,Belgium,Antwerp,Khalifa port,MARIE Maersk,85045000,EUR,164968.3
HVDC-ADOPT-HE-0061,PRL-DAS-003-O5 LOT1,HITACHI,Belgium,Antwerp,Khalifa port,EDITH Maersk,85045010,EUR,164968.3
HVDC-ADOPT-HE-0062,PRL-DAS-004-A,HITACHI,Denmark,Copenhagen,Abu Dhabi Airport,EK,90308900,SEK,418252.6
HVDC-ADOPT-HE-0063,PRL-DAS-004-A2,HITACHI,Netherlands,Amsterdam,Abu Dhabi Airport,EK,90308900,SEK,418252.6
HVDC-ADOPT-HE-0064,PRL-MIR-004-A,HITACHI,Denmark,Copenhagen,Abu Dhabi Airport,EK,90308900,SEK,418525.6
HVDC-ADOPT-HE-0065,PRL-MIR-004-A2,HITACHI,Netherlands,Amsterdam,Abu Dhabi Airport,EK,90308900,SEK,418525.6
HVDC-ADOPT-HE-0066,PRL-SHU-004-A,HITACHI,Denmark,Copenhagen,Abu Dhabi Airport,EK,90308900,SEK,418525.6
HVDC-ADOPT-HE-0067,PRL-SHU-004-A2,HITACHI,Denmark,Copenhagen,Abu Dhabi Airport,EK,90308900,SEK,418525.6
HVDC-ADOPT-HE-0068-1,PRL-SHU-002-O Lot 4-1,HITACHI,Sweden,Gothenburg,Khalifa port,ESTELLE Maersk,85049000,SEK,2079700.0
HVDC-ADOPT-HE-0068-2,PRL-SHU-002-O LOT4-2,HITACHI,Sweden,Gothenburg,Khalifa port,ELLY Maersk,85049000,SEK,2079700.0
HVDC-ADOPT-HE-0069,PRL-SHU-002-O1 LOT5,HITACHI,Sweden,Gothenburg,Khalifa port,EUGEN Maersk,85049000,SEK,433859.0
HVDC-ADOPT-HE-0070,PRL-SHU-002-O2 LOT5,HITACHI,Sweden,Gothenburg,Khalifa port,EUGEN Maersk,85049000,SEK,433859.0
HVDC-ADOPT-HE-0071,PRL-ZAK-003-O2 LOT1 Spare,HITACHI,Belgium,Antwerp,Khalifa port,EDITH Maersk,85045010,EUR,164968.3
HVDC-ADOPT-HE-0072,PRL-MIR-003-O4 LOT1,HITACHI,Belgium,Antwerp,Khalifa port,EDITH Maersk,85045010,EUR,164968.3
HVDC-ADOPT-HE-0073,PRL-MIR-003-O5 LOT1,HITACHI,Belgium,Antwerp,Khalifa port,EUGEN Maersk,85045010,EUR,164968.3
HVDC-ADOPT-HE-0074,PRL-DAS-003-O6 Lot 1 Spare,HITACHI,Belgium,Antwerp,Khalifa port,EDITH Maersk,85045010,EUR,164968.3
HVDC-ADOPT-HE-0075,PRL-SHU-003-O5 LOT1 Spare,HITACHI,Belgium,Antwerp,Khalifa port,EDITH Maersk,85045010,EUR,164968.3
HVDC-ADOPT-HE-0076,PRL-ZAK-003-O4 LOT1,HITACHI,Belgium,Antwerp,Khalifa port,EUGEN Maersk,85045010,EUR,164968.3
HVDC-ADOPT-HE-0077,PRL-ZAK-003-O5 LOT1,HITACHI,Belgium,Antwerp,Khalifa port,EUGEN Maersk,85045010,EUR,164968.3
HVDC-ADOPT-HE-0078,PRL-MIR-003-O6 LOT1 Spare,HITACHI,Belgium,Antwerp,Khalifa port,EUGEN Maersk,85045010,EUR,164968.3
HVDC-ADOPT-HE-0079,PRL-ZAK-003-O8 LOT1 Spare,HITACHI,Belgium,Antwerp,Khalifa port,ELLY Maersk,85045010,EUR,164968.3
HVDC-ADOPT-HE-0080-1,PRL-SHU-002-O LOT7-1,HITACHI,Sweden,Gothenburg,Khalifa port,ESTELLE Maersk,85049000,SEK,433859.0
HVDC-ADOPT-HE-0080-2,PRL-SHU-002-O LOT7-2,HITACHI,Sweden,Gothenburg,Khalifa port,ELLY Maersk,85044083,SEK,433859.0
HVDC-ADOPT-HE-0081,PRL-SHU-002-O LOT6,HITACHI,Sweden,Gothenburg,Khalifa port,ESTELLE Maersk,85049000,SEK,2079700.0
HVDC-ADOPT-HE-0082,PRL-SHU-002-O2 LOT9,HITACHI,Sweden,Gothenburg,Khalifa port,ELLY Maersk,85049000,SEK,433859.0
HVDC-ADOPT-HE-0083,PRL-SHU-002-O1 LOT9,HITACHI,Sweden,Gothenburg,Khalifa port,ELLY Maersk,85049000,SEK,433859.0
HVDC-ADOPT-HE-0084-1,PRL-SHU-002-O LOT 8-1,HITACHI,Sweden,Gothenburg,Khalifa port,ELLY Maersk,85049000,SEK,2079700.0
HVDC-ADOPT-HE-0084-2,PRL-SHU-002-O LOT 8-2,HITACHI,Sweden,Gothenburg,Khalifa port,MARCHEN Maersk,85049000,SEK,2079700.0
HVDC-ADOPT-HE-0085,PRL-MIR-008-O1,HITACHI,Brazil,Itaguai,Mina Zayed,BBC Sebastopol,85042300,SEK,41917339.0
HVDC-ADOPT-HE-0087,PRL-DAS-007-O1,HITACHI,Sweden,Gothenburg,Khalifa port,MAGLEBY Maersk,85043300,SEK,154715.7
HVDC-ADOPT-HE-0088,PRL-DAS-008-O1,HITACHI,Brazil,Itaguai,Mina Zayed,BBC Sebastopol,85042300,SEK,40353354.0
HVDC-ADOPT-HE-0089,PRL-DAS-008-O2,HITACHI,Brazil,Itaguai,Mina Zayed,BBC Sebastopol,85042300,SEK,584831.2
HVDC-ADOPT-HE-0090,PRL-ZAK-005-O2,HITACHI,Sweden,Gothenburg,Khalifa port,MAGLEBY Maersk,85043300,SEK,147988.9
HVDC-ADOPT-HE-0091,PRL-DAS-007-O2 Spare,HITACHI,Sweden,Gothenburg,Khalifa port,MAGLEBY Maersk,85043300,SEK,154715.7
HVDC-ADOPT-HE-0092,PRL-ZAK-005-O3 Spare,HITACHI,Sweden,Gothenburg,Khalifa port,MAGLEBY Maersk,85043300,SEK,147933.5
HVDC-ADOPT-HE-0093,PRL-CS-006-O1,HITACHI,Sweden,Gothenburg,Khalifa port,MSC Luciana,85045090,EUR,5745.71
HVDC-ADOPT-HE-0094,PRL-CS-006-O2 Spare,HITACHI,Sweden,Gothenburg,Khalifa port,MSC Luciana,85045090,EUR,2960.74
HVDC-ADOPT-HE-0095,PRL-SHU-009-O1,HITACHI,Sweden,Gothenburg,Khalifa port,MSC Luciana,85045090,EUR,14123.42
HVDC-ADOPT-HE-0096,PRL-SHU-009-O2 Spare,HITACHI,Sweden,Gothenburg,Khalifa port,MSC Luciana,85045090,EUR,7966.43
HVDC-ADOPT-HE-0097,PRL-MIR-009-O1,HITACHI,Sweden,Gothenburg,Khalifa port,MSC Luciana,85045090,EUR,19811.59
HVDC-ADOPT-HE-0098,PRL-MIR-009-O2 Spare,HITACHI,Sweden,Gothenburg,Khalifa port,MSC Luciana,85045090,EUR,9152.09
HVDC-ADOPT-HE-0099,PRL-SHU-014-O1,HITACHI,Sweden,Antwerpen,Khalifa port,MSC Marie,85332900,SEK,423023.4
HVDC-ADOPT-HE-0100,PRL-SHU-014-O2 Spare,HITACHI,Sweden,Antwerpen,Khalifa port,MSC Marie,85332900,SEK,206943.8
HVDC-ADOPT-HE-0101,PRL-ZAK-008-O,HITACHI,Sweden,Gothenburg,Khalifa port,MSC Luciana,90308900,SEK,418525.6
HVDC-ADOPT-HE-0102,PRL-CS-003-O,HITACHI,Sweden,Gothenburg,Khalifa port,MSC Luciana,90308900,SEK,209262.8
HVDC-ADOPT-HE-0103,PRL-ZAK-005-O1,HITACHI,Sweden,Gothenburg,Khalifa port,MAGLEBY Maersk/Luciana,85043300,SEK,147988.9
HVDC-ADOPT-HE-0104,PRL-ZAK-004-O1,HITACHI,Sweden,Gothenburg,Khalifa port,MAGLEBY Maersk/Luciana,85352900,SEK,114355.1
HVDC-ADOPT-HE-0105,PRL-ZAK-004-O2 Spare,HITACHI,Sweden,Gothenburg,Khalifa port,MAGLEBY Maersk/Luciana,85352900,SEK,114355.0
HVDC-ADOPT-HE-0106,PRL-MIR-005-O1,HITACHI,Sweden,Gothenburg,Khalifa port,MAGLEBY Maersk/Luciana,85352900,SEK,114355.1
HVDC-ADOPT-HE-0107,PRL-MIR-005-O2 Spare,HITACHI,Sweden,Gothenburg,Khalifa port,MAGLEBY Maersk/Luciana,85352900,SEK,114355.0
HVDC-ADOPT-HE-0108,PRL-CS-005-O1,HITACHI,Sweden,Gothenburg,Khalifa port,MAGLEBY Maersk,85043121,EUR,56797.47
HVDC-ADOPT-HE-0109,PRL-CS-005-O2 Spare,HITACHI,Sweden,Gothenburg,Khalifa port,MAGLEBY Maersk,8504 31 21,EUR,56797.47
HVDC-ADOPT-HE-0110,PRL-MIR-008-O4,HITACHI,Brazil,Itaguai,Mina Zayed,BBC Sapphire,85042300,SEK,41917339.0
HVDC-ADOPT-HE-0111,PRL-MIR-002-O1 Lot 1,HITACHI,Sweden,Gothenburg,Khalifa port,Maersk Hamburg,85044083,SEK,327582.0
HVDC-ADOPT-HE-0112,PRL-MIR-002-O2 Lot 1,HITACHI,Sweden,Gothenburg,Khalifa port,Maersk Hamburg,85044083,SEK,327582.0
HVDC-ADOPT-HE-0113,PRL-MIR-002-O Lot 2,HITACHI,Sweden,Gothenburg,Khalifa port,Edith Maersk,85044083,SEK,327582.0
HVDC-ADOPT-HE-0114,PRL-CS-007-O1 Lot 1,HITACHI,Germany,Antwerpen,Khalifa port,MSC Marie,85045000,EUR,12770.23
HVDC-ADOPT-HE-0115,PRL-MIR-007-O1 Lot 1,HITACHI,Sweden,Antwerpen,Khalifa port,MSC Luciana,85045000,EUR,14957.75
HVDC-ADOPT-HE-0116,PRL-SHU-010-OS,HITACHI,Sweden,Uddevalla,Mugharraq,BBC Africa,85042300,SEK,31298760.0
HVDC-ADOPT-HE-0117,PRL-SHU-007-O2 Spare,HITACHI,Sweden,Antwerpen,Khalifa port,MSC Luciana,85045000,EUR,3486.52
HVDC-ADOPT-HE-0118,PRL-CS-007-O1 Lot 2,HITACHI,Germany,Antwerpen,Khalifa port,MSC Marie,85045000,EUR,17233.9
HVDC-ADOPT-HE-0119,PRL-CS-007-O2 Spare,HITACHI,Germany,Antwerpen,Khalifa port,MSC Marie,85045000,EUR,4046.53
HVDC-ADOPT-HE-0120,PRL-MIR-007-O1 Lot 2,HITACHI,Sweden,Antwerpen,Khalifa port,MSC Luciana,85045000,EUR,14957.75
HVDC-ADOPT-HE-0121,PRL-MIR-007-O2 Spare,HITACHI,Sweden,Antwerpen,Khalifa port,MSC Luciana,85045000,EUR,2908.44
HVDC-ADOPT-HE-0122,PRL-SHU-007-O1,HITACHI,Sweden,Antwerpen,Khalifa port,MSC Luciana,85045000,EUR,18957.29
HVDC-ADOPT-HE-0123,PRL-SHU-007-O2 Spare Lot 1,HITACHI,Sweden,Antwerpen,Khalifa port,MSC Luciana,85045000,EUR,3486.52
HVDC-ADOPT-HE-0124,PRL-SHU-006-O1,HITACHI,Sweden,Antwerpen,Khalifa port,MSC Luciana,85352900,EUR,7397.31
HVDC-ADOPT-HE-0125,PRL-SHU-015-O1,HITACHI,Sweden,Gothenburg,Khalifa port,Maersk Hamburg,85446010,SEK,398093.9
HVDC-ADOPT-HE-0126,PRL-SHU-015-O2,HITACHI,Sweden,Gothenburg,Khalifa port,Maersk Hamburg,85446010,SEK,398093.9
HVDC-ADOPT-HE-0127-1,PRL-DAS-005-O1-1 Lot 1,HITACHI,Sweden,Gothenburg,Khalifa port,Eugen Maersk,85446010,SEK,403459.4
HVDC-ADOPT-HE-0127-2,PRL-DAS-005-O1-2 Lot 1,HITACHI,Sweden,Gothenburg,Khalifa port,ESTELLE Maersk,85446010,SEK,403459.4
HVDC-ADOPT-HE-0128,PRL-DAS-005-O2 Lot 1 Spare,HITACHI,Sweden,Gothenburg,Khalifa port,Eugen Maersk,85446010,SEK,403459.4
HVDC-ADOPT-HE-0129,PRL-CS-016-O1,HITACHI,Sweden,Gothenburg,Khalifa port,Maersk Herrera,85446010,SEK,475538.0
HVDC-ADOPT-HE-0130,PRL-SHU-017-O1,HITACHI,Germany,Antwerpen,Khalifa port,ELLY Maersk,85332900,EUR,22035.44
HVDC-ADOPT-HE-0131,PRL-SHU-017-O2 SPARE,HITACHI,Germany,Antwerpen,Khalifa port,ELLY Maersk,85332900,EUR,22035.44
HVDC-ADOPT-HE-0132,PRL-DAS-014-O1,HITACHI,Germany,Antwerpen,Khalifa port,ELLY Maersk,85332900,EUR,26173.8
HVDC-ADOPT-HE-0133,PRL-DAS-014-O2 Spare,HITACHI,Germany,Antwerpen,Khalifa port,ELLY Maersk,85332900,EUR,26173.8
HVDC-ADOPT-HE-0134,PRL-SHU-018-O,HITACHI,Austria,Antwerp,Khalifa port,MARIBO MAERSK,85043300,EUR,5142.64
HVDC-ADOPT-HE-0135,PRL-SHU-018-O2 Spare,HITACHI,Austria,Antwerp,Khalifa port,MARIBO MAERSK,85043300,EUR,5142.64
HVDC-ADOPT-HE-0136,PRL-MIR-012-O1,HITACHI,Austria,Antwerp,Khalifa port,MARIBO MAERSK,85043300,EUR,8567.65
HVDC-ADOPT-HE-0137,PRL-MIR-012-O2 Spare,HITACHI,Austria,Antwerp,Khalifa port,MARIBO MAERSK,85043300,EUR,8567.65
HVDC-ADOPT-HE-0138,PRL-CS-013-O1,HITACHI,Austria,Antwerp,Khalifa port,MARIBO MAERSK,85043300,EUR,3848.99
HVDC-ADOPT-HE-0139,PRL-CS-013-O2 Spare,HITACHI,Austria,Antwerp,Khalifa port,MARIBO MAERSK,85043300,EUR,3848.99
HVDC-ADOPT-HE-0140,PRL-ZAK-002-O Lot 4,HITACHI,Sweden,Gothenburg,Khalifa port,Maersk Houston,85044083,SEK,2079511.0
HVDC-ADOPT-HE-0141,PRL-ZAK-002-O Lot 5,HITACHI,Sweden,Gothenburg,Khalifa port,Maersk Houston,85044083,SEK,320200.0
HVDC-ADOPT-HE-0142,PRL-MIR-002-O lot 3,HITACHI,Sweden,Gothenburg,Khalifa port,Edith Maersk,85044083,SEK,2079511.0
HVDC-ADOPT-HE-0143,PRL-SHU-016-O1,HITACHI,Sweden,Uddevalla,Mugharraq,BBC Austria,85042300,SEK,62134.02
HVDC-ADOPT-HE-0144,PRL-SHU-016-O2,HITACHI,Sweden,Uddevalla,Mugharraq,BBC Austria,85042300,SEK,496805.7
HVDC-ADOPT-HE-0145,PRL-MIR-002-O Lot 5,HITACHI,Sweden,Gothenburg,Khalifa port,Maersk Hamburg,85044083,SEK,327582.0
HVDC-ADOPT-HE-0146,PRL-MIR-002-O Lot 4,HITACHI,Sweden,Gothenburg,Khalifa port,EDITH Maersk,85044083,SEK,2079511.0
HVDC-ADOPT-HE-0147,PRL-CS-015-O1,HITACHI,Germany,Venezia,Khalifa port,MSC RENEE,85353090,EUR,14919.32
HVDC-ADOPT-HE-0148,PRL-CS-015-O2 Spare,HITACHI,Germany,Venezia,Khalifa port,MSC RENEE,85353090,EUR,14919.32
HVDC-ADOPT-HE-0149,PRL-MIR-013-O1,HITACHI,Germany,Venezia,Khalifa port,MSC RENEE,85353090,EUR,35637.46
HVDC-ADOPT-HE-0150,PRL-MIR-013-O2,HITACHI,Germany,Venezia,Khalifa port,MSC RENEE,85353090,EUR,35637.46
HVDC-ADOPT-HE-0151,PRL-MIR-013-O3 Spare,HITACHI,Germany,Venezia,Khalifa port,MSC RENEE,85353090,EUR,35637.46
HVDC-ADOPT-HE-0152,PRL-MIR-013-O4 Spare,HITACHI,Germany,Venezia,Khalifa port,MSC RENEE,85353090,EUR,35637.46
HVDC-ADOPT-HE-0153-1,PRL-MIR-002-O Lot 6-1,HITACHI,Sweden,Gothenburg,Khalifa port,Eugen Maersk,85044083,SEK,2079511.0
HVDC-ADOPT-HE-0153-2,PRL-MIR-002-O Lot 6-2,HITACHI,Sweden,Gothenburg,Khalifa port,ESTELLE Maersk,85044083,SEK,2079511.0
HVDC-ADOPT-HE-0154-1,PRL-MIR-002-O Lot 7-1,HITACHI,Sweden,Gothenburg,Khalifa port,Eugen Maersk,85044083,SEK,327582.0
HVDC-ADOPT-HE-0154-2,PRL-MIR-002-O Lot 7-2,HITACHI,Sweden,Gothenburg,Khalifa port,ESTELLE Maersk,85044083,SEK,327582.0
HVDC-ADOPT-HE-0155,PRL-MIR-002-O Lot 8,HITACHI,Sweden,Gothenburg,Khalifa port,ESTELLE Maersk,85044083,SEK,2079511.0
HVDC-ADOPT-HE-0156,PRL-MIR-002-O Lot 9,HITACHI,Sweden,Gothenburg,Khalifa port,ESTELLE Maersk,85044083,SEK,327582.0
HVDC-ADOPT-HE-0157,PRL-MIR-002-O Lot 10,HITACHI,Sweden,Gothenburg,Khalifa port,ESTELLE Maersk,85044083,SEK,327582.0
HVDC-ADOPT-HE-0158,PRL-DAS-005-O1 Lot 2,HITACHI,Sweden,Gothenburg,Khalifa port,ESTELLE Maersk,85446010,SEK,403459.4
HVDC-ADOPT-HE-0159,PRL-DAS-005-O2 Lot 2 Spare,HITACHI,Sweden,Gothenburg,Khalifa port,ESTELLE Maersk,85446010,SEK,403459.4
HVDC-ADOPT-HE-0160,PRL-ZAK-002-O Lot 1,HITACHI,Sweden,Gothenburg,Khalifa port,MARIBO MAERSK,85049000,SEK,2079511.0
HVDC-ADOPT-HE-0161,PRL-MIR-008-O6,HITACHI,Brazil,Itaguai,Mina Zayed,BBC Kimberly,85042300,SEK,41917339.0
HVDC-ADOPT-HE-0162,PRL-ZAK-002-O Lot 2,HITACHI,Sweden,Gothenburg,Khalifa port,CAP SAN TAINARO,85049000,SEK,2079511.0
HVDC-ADOPT-HE-0163,PRL-ZAK-002-O Lot 3,HITACHI,Sweden,Gothenburg,Khalifa port,ELLY Maersk,85049000,SEK,320200.0
HVDC-ADOPT-HE-0164,PRL-SHU-019-O1,HITACHI,Sweden,Gothenburg,Khalifa port,Maersk Cincinnati,85352600,SEK,231519.2
HVDC-ADOPT-HE-0165,PRL-SHU-019-O2,HITACHI,Sweden,Gothenburg,Khalifa port,Maersk Cincinnati,85352600,SEK,231519.2
HVDC-ADOPT-HE-0166,PRL-SHU-019-O3 Spare,HITACHI,Sweden,Gothenburg,Khalifa port,Maersk Cincinnati,85352600,SEK,231519.2
HVDC-ADOPT-HE-0167,PRL-SHU-019-O4 Spare,HITACHI,Sweden,Gothenburg,Khalifa port,Maersk Cincinnati,85352600,SEK,231519.2
HVDC-ADOPT-HE-0168,PRL-SHU-020-O1,HITACHI,Sweden,Gothenburg,Khalifa port,Maersk Cincinnati,85352600,SEK,152375.0
HVDC-ADOPT-HE-0169,PRL-SHU-020-O2,HITACHI,Sweden,Gothenburg,Khalifa port,Maersk Cincinnati,85352600,SEK,152375.0
HVDC-ADOPT-HE-0170,PRL-SHU-020-O3 Spare,HITACHI,Sweden,Gothenburg,Khalifa port,Maersk Cincinnati,85352600,SEK,152375.0
HVDC-ADOPT-HE-0171,PRL-SHU-020-O4 Spare,HITACHI,Sweden,Gothenburg,Khalifa port,Maersk Cincinnati,85352600,SEK,152375.0
HVDC-ADOPT-HE-0172,PRL-SHU-021-O,HITACHI,Sweden,Gothenburg,Khalifa port,Maersk Cincinnati,85352600,SEK,20000.0
HVDC-ADOPT-HE-0173,PRL-ZAK-002-O Lot 6,HITACHI,Sweden,Gothenburg,Khalifa port,MSC Branka,85044083,SEK,2079511.0
HVDC-ADOPT-HE-0174,PRL-ZAK-002-O Lot 7,HITACHI,Sweden,Gothenburg,Khalifa port,MSC Branka,85044083,SEK,320200.0
HVDC-ADOPT-HE-0175,PRL-ZAK-002-O Lot 8,HITACHI,Sweden,Gothenburg,Khalifa port,Americana,85044083,SEK,320200.0
HVDC-ADOPT-HE-0176,PRL-ZAK-002-O Lot 9,HITACHI,Sweden,Gothenburg,Khalifa port,Americana,85044083,SEK,2079511.0
HVDC-ADOPT-HE-0177,PRL-ZAK-002-O Lot 10,HITACHI,Sweden,Gothenburg,Khalifa port,Americana,85044083,SEK,320200.0
HVDC-ADOPT-HE-0178,PRL-DAS-012-O,HITACHI,Sweden,Norrkoping,Mina Zayed,ANNETTE A DESGAGNES,85042300,SEK,40353354.0
HVDC-ADOPT-HE-0179-1,PRL-ZAK-002-O Lot 11-1,HITACHI,Sweden,Gothenburg,Khalifa port,Maersk Houston,85044083,SEK,320200.0
HVDC-ADOPT-HE-0179-2,PRL-ZAK-002-O Lot 11-2,HITACHI,Sweden,Gothenburg,Khalifa port,Maersk Houston,85044083,SEK,320200.0
HVDC-ADOPT-HE-0180,PRL-CS-016-O2,HITACHI,Sweden,Gothenburg,Khalifa port,Maersk Herrera,85446010,SEK,475538.0
HVDC-ADOPT-HE-0181,PRL-CS-016-O3,HITACHI,Sweden,Gothenburg,Khalifa port,Maersk Herrera,85446010,SEK,475538.0
HVDC-ADOPT-HE-0182,PRL-ZAK-009-O1,HITACHI,Brazil,Itaguai,Mina Zayed,BBC Switzerland,85042300,SEK,36209511.0
HVDC-ADOPT-HE-0183,PRL-CS-017-O2,HITACHI,Sweden,Gothenburg,Khalifa port,Maersk Herrera,76061200,SEK,164750.5
HVDC-ADOPT-HE-0184,PRL-CS-017-O1,HITACHI,Sweden,Gothenburg,Khalifa port,Maersk Herrera,76061230,SEK,163687.6
HVDC-ADOPT-HE-0185,PRL-SHU-008-O1,HITACHI,Italy,Bremerhaven,Khalifa port,Morning Peace,84198910,EUR,298956.7
HVDC-ADOPT-HE-0186,PRL-SHU-008-O2,HITACHI,Sweden,Gothenburg,Khalifa port,Nabucco,84198910,SEK,1075161.0
HVDC-ADOPT-HE-0187,PRL-DAS-013-O1,HITACHI,Italy,Bremerhaven,Khalifa port,Morning Peace,84198910,EUR,212566.9
HVDC-ADOPT-HE-0188,PRL-MIR-014-O1,HITACHI,Italy,Venezia,Khalifa port,MSC Ravena,85353090,EUR,15571.66
HVDC-ADOPT-HE-0189,PRL-MIR-014-O2,HITACHI,Italy,Venezia,Khalifa port,MSC Ravena,85353090,EUR,15571.66
HVDC-ADOPT-HE-0190,PRL-MIR-014-O3,HITACHI,Italy,Venezia,Khalifa port,MSC Ravena,85353090,EUR,15571.66
HVDC-ADOPT-HE-0191,PRL-MIR-014-O4,HITACHI,Italy,Venezia,Khalifa port,MSC Ravena,85353090,EUR,15571.66
HVDC-ADOPT-HE-0192,PRL-CS-018-O1,HITACHI,Italy,Venezia,Khalifa port,MSC Ravena,85353090,EUR,10018.83
HVDC-ADOPT-HE-0193,PRL-CS-018-O2,HITACHI,Italy,Venezia,Khalifa port,MSC Ravena,85353090,EUR,10018.83
HVDC-ADOPT-HE-0194,PRL-SHU-022-O1,HITACHI,Italy,Venezia,Khalifa port,MSC Ravena,85353090,EUR,12339.17
HVDC-ADOPT-HE-0195,PRL-SHU-22-O2,HITACHI,Italy,Venezia,Khalifa port,MSC Ravena,85353090,EUR,12339.17
HVDC-ADOPT-HE-0196,PRL-SHU-022-O3,HITACHI,Italy,Venezia,Khalifa port,MSC Ravena,85353090,EUR,12339.17
HVDC-ADOPT-HE-0197,PRL-SHU-022-O3,HITACHI,Italy,Venezia,Khalifa port,MSC Ravena,85353090,EUR,12339.17
HVDC-ADOPT-HE-0198,PRL-SHU-023-O1,HITACHI,Germany,Antwerpen,Khalifa port,EDITH Maersk,85043129,EUR,105549.1
HVDC-ADOPT-HE-0199,PRL-SHU-023-O2 Spare,HITACHI,Germany,Antwerpen,Khalifa port,EDITH Maersk,85043129,EUR,105549.1
HVDC-ADOPT-HE-0200,PRL-DAS-017-O1,HITACHI,Germany,Antwerpen,Khalifa port,EDITH Maersk,85043129,EUR,124721.8
HVDC-ADOPT-HE-0201,PRL-DAS-017-O2 Spare,HITACHI,Germany,Antwerpen,Khalifa port,EDITH Maersk,85043129,EUR,124721.8
HVDC-ADOPT-HE-0202,PRL-DAS-013-O2,HITACHI,Sweden,Gothenburg,Khalifa port,Nabucco,84198910,SEK,1075161.0
HVDC-ADOPT-HE-0203,PRL-MIR-010-O1,HITACHI,Deutschland,Bremerhaven,Khalifa port,Nabucco,84198910,EUR,242984.9
HVDC-ADOPT-HE-0204,PRL-ZAK-010-O1,HITACHI,Deutschland,Bremerhaven,Khalifa port,Nabucco,84198910,EUR,217129.4
HVDC-ADOPT-HE-0205,PRL-ZAK-009-O3,HITACHI,Brazil,Itaguai,Mina Zayed,BBC FUJI,85042300,SEK,548629.0
HVDC-ADOPT-HE-0206,PRL-CS-019-O,HITACHI,SWEDEN,Gothenburg,Khalifa port,ESTELLE Maersk/Eugene,85446010,SEK,403459.4
HVDC-ADOPT-HE-0207,PRL-MIR-011-O,HITACHI,SWEDEN,Gothenburg,Khalifa port,ESTELLE Maersk/Eugene,85044083,SEK,338239.8
HVDC-ADOPT-HE-0208,PRL-SHU-024-A,HITACHI,Estonia,Talinn,Abu Dhabi Airport,QR9705,85447700,SEK,244798.2
HVDC-ADOPT-HE-0209,PRL-DAS-018-O,HITACHI,SWEDEN,Gothenburg,Khalifa port,ESTELLE Maersk/Eugene,90261089,SEK,5902.0
HVDC-ADOPT-HE-0210,PRL-ZAK-012-O,HITACHI,SWEDEN,Gothenburg,Khalifa port,ESTELLE Maersk/Eugene,85044083,SEK,320200.0
HVDC-ADOPT-HE-0211,PRL-MIR-015-O,HITACHI,SWEDEN,Gothenburg,Khalifa port,ESTELLE Maersk/Eugene,85044083,SEK,327582.0
HVDC-ADOPT-HE-0212,PRL-ZAK-011-O,HITACHI,SWEDEN,Gothenburg,Khalifa port,ESTELLE Maersk/Eugene,85446010,SEK,445170.6
HVDC-ADOPT-HE-0213,PRL-MIR-016-O,HITACHI,Brazil,Itaguai,Mina Zayed,BBC FUJI,85042300,SEK,607497.7
HVDC-ADOPT-HE-0214,PRL-SHU-025-O,HITACHI,SWEDEN,Gothenburg,Khalifa port,MSC GIUSY,85322900,SEK,22270.0
HVDC-ADOPT-HE-0215,PRL-ZAK-009-O4,HITACHI,BRAZIL,Itagui,Mina Zayed,BBC MONT BLANC,85042300,SEK,39062382.0
HVDC-ADOPT-HE-0216,PRL-SHU-008-O3,HITACHI,FRANCE,Gothenburg,Khalifa port,ALEXANDRA MAERSK,85072080,SEK,2115914.0
HVDC-ADOPT-HE-0217,PRL-MIR-010-O3,HITACHI,FRANCE,Gothenburg,Khalifa port,ALEXANDRA MAERSK,85072080,SEK,2169215.0
HVDC-ADOPT-HE-0218,PRL-DAS-013-O3,HITACHI,FRANCE,Gothenburg,Khalifa port,ALEXANDRA MAERSK,85072080,SEK,2233279.0
HVDC-ADOPT-HE-0219,PRL-ZAK-010-O3,HITACHI,FRANCE,Gothenburg,Khalifa port,ALEXANDRA MAERSK,85072080,SEK,2008504.0
HVDC-ADOPT-HE-0220,PRL-SHU-026-O,HITACHI,SWEDEN,Gothenburg,Khalifa port,ALEXANDRA MAERSK,85044083,SEK,433859.0
HVDC-ADOPT-HE-0221,PRL-MIR-017-O,HITACHI,SWEDEN,Gothenburg,Khalifa port,ALEXANDRA MAERSK,85044083,SEK,327582.0
HVDC-ADOPT-HE-0222,PRL-CS-020-O,HITACHI,SWEDEN,Gothenburg,Khalifa port,ALEXANDRA MAERSK,85044083,SEK,433859.0
HVDC-ADOPT-HE-0223,PRL-SHU-025-O2,HITACHI,SWEDEN,Copenhagen,Abu Dhabi Airport,EY,84198910,SEK,673158.6
HVDC-ADOPT-HE-0224,PRL-SHU-029-A,HITACHI,Denmark,Billund,Abu Dhabi Airport,EY,85354000,SEK,246629.3
HVDC-ADOPT-HE-0225,PRL-SHU-029-A SPARE,HITACHI,Denmark,Billund,Abu Dhabi Airport,EY,85354000,SEK,246629.3
HVDC-ADOPT-HE-0226,PRL-DAS-023-O,HITACHI,SWEDEN,Gothenburg,Khalifa port,MSC ILARIA,85354000,SEK,86921.49
HVDC-ADOPT-HE-0227,PRL-DAS-023-O Spare,HITACHI,SWEDEN,Gothenburg,Khalifa port,MSC ILARIA,85354000,SEK,86921.49
HVDC-ADOPT-HE-0228,PRL-MIR-036-A,HITACHI,NETHERLANDS,Amsterdam,Abu Dhabi Airport,EY,85354000,SEK,787028.7
HVDC-ADOPT-HE-0229,PRL-MIR-036-A Spare,HITACHI,NETHERLANDS,Amsterdam,Abu Dhabi Airport,EY,85354000,SEK,787028.6
HVDC-ADOPT-HE-0230,PRL-DAS-019-A1,HITACHI,NETHERLANDS,Amsterdam,Abu Dhabi Airport,EY,85354000,SEK,220295.9
HVDC-ADOPT-HE-0231,PRL-DAS-019-A2 Spare,HITACHI,NETHERLANDS,Amsterdam,Abu Dhabi Airport,EY,85354000,SEK,220295.9
HVDC-ADOPT-HE-0232,PRL-MIR-019-O,HITACHI,BRAZIL,Itagui,Mina Zayed,BBC MONT BLANC,85042300,SEK,2080000.0
HVDC-ADOPT-HE-0233,PRL-ZAK-014-O,HITACHI,SWEDEN,Gothenburg,Khalifa port,MAERSK HAMBURG,85049017,SEK,700015.9
HVDC-ADOPT-HE-0234,PRL-MIR-011-O2,HITACHI,SWEDEN,Gothenburg,Khalifa port,ALETTE MAERSK,85469090,SEK,338239.8
HVDC-ADOPT-HE-0236,PRL-CS-021-O1,HITACHI,SWEDEN,Gothenburg,Khalifa port,MAERSK HAMBURG,,SEK,438884.0
HVDC-ADOPT-HE-0237,PRL-DAS-022-A,HITACHI,Estonia,Talinn,Abu Dhabi Airport,QR9705,85447700,SEK,652795.2
HVDC-ADOPT-HE-0238,PRL-ZAK-010-O2,HITACHI,SWEDEN,Gothenburg,Khalifa port,ARC COMMITMENT,84198910,SEK,945381.6
HVDC-ADOPT-HE-0239,PRL-MIR-010-O2,HITACHI,SWEDEN,Gothenburg,Khalifa port,ARC COMMITMENT,84198910,SEK,1132184.0
HVDC-ADOPT-HE-0240,PRL-CS-026-O,HITACHI,BELGIUM,Antwerp,Khalifa port,HOEGH COPENHAGEN,84289090,SEK,959255.6
HVDC-ADOPT-HE-0241,PRL-MIR-023-O,HITACHI,BELGIUM,Antwerp,Khalifa port,HOEGH COPENHAGEN,84289090,SEK,959255.6
HVDC-ADOPT-HE-0242,PRL-SHU-034-O,HITACHI,BELGIUM,Antwerp,Khalifa port,HOEGH COPENHAGEN,84289090,SEK,959255.6
HVDC-ADOPT-HE-0243,PRL-SHU-035-O,HITACHI,SWEDEN,Gothenburg,Khalifa port,MATZ MAERSK,85049017,SEK,292000.0
HVDC-ADOPT-HE-0244,PRL-SHU-008-A5,HITACHI,SWEDEN,Malmoe,Abu Dhabi Airport,Emirates,84198910,SEK,133548.0
HVDC-ADOPT-HE-0245,PRL-SHU-036-O1,HITACHI,Italy,Venezia,Khalifa port,MSC RENEE,85353090,SEK,52874.14
HVDC-ADOPT-HE-0246,PRL-SHU-036-O2,HITACHI,Italy,Venezia,Khalifa port,MSC RENEE,85353090,EUR,52874.14
HVDC-ADOPT-HE-0247,PRL-SHU-036-O3 SPARE,HITACHI,Italy,Venezia,Khalifa port,MSC RENEE,85353090,EUR,52874.14
HVDC-ADOPT-HE-0248,PRL-MIR-024-O1,HITACHI,Italy,Venezia,Khalifa port,MSC RENEE,85353090,EUR,35637.46
HVDC-ADOPT-HE-0249,PRL-MIR-024-O2,HITACHI,Italy,Venezia,Khalifa port,MSC RENEE,85353090,EUR,35637.46
HVDC-ADOPT-HE-0250,PRL-MIR-024-O3 SPARE,HITACHI,Italy,Venezia,Khalifa port,MSC RENEE,85353090,EUR,35637.46
HVDC-ADOPT-HE-0251,PRL-DAS-022-A2,HITACHI,Estonia,Talinn,Abu Dhabi Airport,QR9705,85447700,SEK,326379.6
HVDC-ADOPT-HE-0252,PRL-SHU-008-O4,HITACHI,SWEDEN,Copenhagen,Abu Dhabi Airport,EK,85322900,SEK,22270.0
HVDC-ADOPT-HE-0253,PRL-MIR-011-O3,HITACHI,SWEDEN,Gothenburg,Khalifa port,MATZ MAERSK,85469090,SEK,121921.7
HVDC-ADOPT-HE-0254,PRL-SHU-037-O1,HITACHI,SWEDEN,Gothenburg,Khalifa port,MATZ MAERSK,85321000,SEK,250391.4
HVDC-ADOPT-HE-0255,PRL-SHU-037-O2 Spare,HITACHI,SWEDEN,Gothenburg,Khalifa port,MATZ MAERSK,85321000,SEK,250391.4
HVDC-ADOPT-HE-0256,PRL-DAS-024-O1,HITACHI,SWEDEN,Gothenburg,Khalifa port,MATZ MAERSK,85321000,SEK,233661.5
HVDC-ADOPT-HE-0257,PRL-DAS-024-O2 Spare,HITACHI,SWEDEN,Gothenburg,Khalifa port,MATZ MAERSK,85321000,SEK,233661.5
HVDC-ADOPT-HE-0258,PRL-SHU-038-O1,HITACHI,India,Nhava Sheva,Khalifa port,SSF Dream,85045000,SEK,139400.6
HVDC-ADOPT-HE-0259,PRL-SHU-038-O2 Spare,HITACHI,India,Nhava Sheva,Khalifa port,SSF Dream,85045000,SEK,124044.1
HVDC-ADOPT-HE-0260,PRL-MIR-025-O1,HITACHI,India,Nhava Sheva,Khalifa port,SSF Dream,85045000,SEK,139400.6
HVDC-ADOPT-HE-0261,PRL-MIR-025-O2 Spare,HITACHI,India,Nhava Sheva,Khalifa port,SSF Dream,85045000,SEK,124044.1
HVDC-ADOPT-HE-0262,PRL-CS-027-O1,HITACHI,India,Nhava Sheva,Khalifa port,SSF Dream,85045000,SEK,101605.4
HVDC-ADOPT-HE-0263,PRL-CS-027-O2 Spare,HITACHI,India,Nhava Sheva,Khalifa port,SSF Dream,85045000,SEK,87511.04
HVDC-ADOPT-HE-0264,PRL-SHU-008-A6,HITACHI,SWEDEN,Denmark,Abu Dhabi Airport,EY,84198910,SEK,673158.6
HVDC-ADOPT-HE-0265,PRL-DAS-025-O,HITACHI,United Kingdom,Felixstowe,Khalifa port,ALEXANDRA MAERSK,90011090,SEK,263248.8
HVDC-ADOPT-HE-0266,PRL-SHU-039-O,HITACHI,United Kingdom,Felixstowe,Khalifa port,ALEXANDRA MAERSK,90011090,SEK,233119.9
HVDC-ADOPT-HE-0267,PRL-DAS-013-A4,HITACHI,Denmark,Billund,Abu Dhabi Airport,EY1934,8419 89 10,SEK,530298.2
HVDC-ADOPT-HE-0268,PRL-CS-025-O2,HITACHI,CHINA,Shanghai,Khalifa port,MSC GAIA,85321000,SEK,285379.2
HVDC-ADOPT-HE-0269,PRL-CS-025-O2 Spare,HITACHI,CHINA,Shanghai,Khalifa port,MSC GAIA,85321000,SEK,42197.76
HVDC-ADOPT-HE-0270,PRL-MIR-022-O2,HITACHI,CHINA,Shanghai,Khalifa port,MSC GAIA,85321000,SEK,286986.2
HVDC-ADOPT-HE-0271,PRL-MIR-022-O2 Spare,HITACHI,CHINA,Shanghai,Khalifa port,MSC GAIA,85321000,SEK,42197.76
HVDC-ADOPT-HE-0272,PRL-SHU-032-O2,HITACHI,CHINA,Shanghai,Khalifa port,MSC GAIA,85321000,SEK,291794.4
HVDC-ADOPT-HE-0273,PRL-SHU-032-O2 Spare,HITACHI,CHINA,Shanghai,Khalifa port,MSC GAIA,85321000,SEK,42197.76
HVDC-ADOPT-HE-0274,PRL-SHU-033-O2,HITACHI,CHINA,Shanghai,Khalifa port,MSC GAIA,85321000,SEK,138753.0
HVDC-ADOPT-HE-0275,PRL-SHU-033-O2 Spare,HITACHI,CHINA,Shanghai,Khalifa port,MSC GAIA,85321000,SEK,21131.28
HVDC-ADOPT-HE-0276,PRL-CS-023-O1,HITACHI,BELGIUM,Antwerp,Khalifa port,Maersk Hamburg,85332900,SEK,117508.8
HVDC-ADOPT-HE-0277,PRL-CS-023-O2 Spare,HITACHI,BELGIUM,Antwerp,Khalifa port,Maersk Hamburg,85332900,SEK,35439.17
HVDC-ADOPT-HE-0278,PRL-CS-024-O1,HITACHI,BELGIUM,Antwerp,Khalifa port,Maersk Hamburg,85332900,SEK,362330.6
HVDC-ADOPT-HE-0279,PRL-CS-024-O1 Spare,HITACHI,BELGIUM,Antwerp,Khalifa port,Maersk Hamburg,85332900,SEK,362330.6
HVDC-ADOPT-HE-0280,PRL-MIR-020-O1,HITACHI,BELGIUM,Antwerp,Khalifa port,Maersk Hamburg,85332900,SEK,103156.8
HVDC-ADOPT-HE-0281,PRL-MIR-020-O2 Spare,HITACHI,BELGIUM,Antwerp,Khalifa port,Maersk Hamburg,85332900,SEK,103156.8
HVDC-ADOPT-HE-0282,PRL-MIR-021-O1,HITACHI,BELGIUM,Antwerp,Khalifa port,Maersk Hamburg,85332900,SEK,387175.0
HVDC-ADOPT-HE-0283,PRL-MIR-021-O2 Spare,HITACHI,BELGIUM,Antwerp,Khalifa port,Maersk Hamburg,85332900,SEK,387175.0
HVDC-ADOPT-HE-0284,PRL-SHU-030-O1,HITACHI,BELGIUM,Antwerp,Khalifa port,Maersk Hamburg,85332900,SEK,387175.0
HVDC-ADOPT-HE-0285,PRL-SHU-030-O2 Spare,HITACHI,BELGIUM,Antwerp,Khalifa port,Maersk Hamburg,85332900,SEK,387175.0
HVDC-ADOPT-HE-0286,PRL-SHU-031-O1,HITACHI,BELGIUM,Antwerp,Khalifa port,Maersk Hamburg,85332900,SEK,93951.66
HVDC-ADOPT-HE-0287,PRL-SHU-031-O2 SPARE,HITACHI,BELGIUM,Antwerp,Khalifa port,Maersk Hamburg,85332900,SEK,93951.66
HVDC-ADOPT-HE-0288,PRL-CS-025-O1,HITACHI,SWEDEN,Gothenburg,Khalifa port,CMA CGM AGUILA,85321000,SEK,285379.2
HVDC-ADOPT-HE-0289,PRL-CS-025-O1 SPARE,HITACHI,SWEDEN,Gothenburg,Khalifa port,CMA CGM AGUILA,85321000,SEK,17949.6
HVDC-ADOPT-HE-0290,PRL-O-015-A,HITACHI,United Kingdom,England,Abu Dhabi Airport,EY0064,90011090,SEK,283770.3
HVDC-ADOPT-HE-0291,PRL-MIR-011-O4,HITACHI,SWEDEN,Gothenburg,Khalifa port,Maersk Cincinnati,85469090,SEK,121921.7
HVDC-ADOPT-HE-0292,PRL-SHU-008-O7,HITACHI,SWEDEN,Gothenburg,Khalifa port,ANE MAERSK,84198910,SEK,519218.1
HVDC-ADOPT-HE-0293,PRL-SHU-041-O,HITACHI,SWEDEN,Gothenburg,Khalifa port,MAERSK HERRERA,76149000,SEK,68886.89
HVDC-ADOPT-HE-0294,PRL-MIR-027-O,HITACHI,SWEDEN,Gothenburg,Khalifa port,MAERSK HERRERA,76149000,SEK,61352.39
HVDC-ADOPT-HE-0295,PRL-CS-030-O,HITACHI,SWEDEN,Gothenburg,Khalifa port,MAERSK HERRERA,76149000,SEK,69102.17
HVDC-ADOPT-HE-0296,PRL- SHU-033-O1,HITACHI,SWEDEN,Gothenburg,Khalifa port,CSCL NEPTUNE,85321000,SEK,69376.5
HVDC-ADOPT-HE-0297,PRL- SHU-033-O1 SPARE,HITACHI,SWEDEN,Gothenburg,Khalifa port,CSCL NEPTUNE,85321000,SEK,30974.4
HVDC-ADOPT-HE-0298,PRL-MIR-029-O,HITACHI,SWEDEN,Gothenburg,Khalifa port,ANE MAERSK,90258040,SEK,103386.4
HVDC-ADOPT-HE-0299,PRL-SHU-042-O,HITACHI,SWEDEN,Gothenburg,Khalifa port,ANE MAERSK,90258040,SEK,103386.4
HVDC-ADOPT-HE-0300,PRL-CS-031-O,HITACHI,SWEDEN,Gothenburg,Khalifa port,ANE MAERSK,90258040,SEK,206772.9
HVDC-ADOPT-HE-0301-1,PRL-CS-029-O,HITACHI,BELGIUM,Antwerp,Khalifa port,ANE MAERSK,85462000,SEK,67900.53
HVDC-ADOPT-HE-0301-2,PRL-CS-029-O2,HITACHI,BELGIUM,Antwerp,Khalifa port,ALETTE MAERSK,85462000,SEK,67900.53
HVDC-ADOPT-HE-0302,PRL-SHU-043-A1,HITACHI,SWEDEN,Malmoe,Abu Dhabi Airport,EK4657,85371098,SEK,566635.0
HVDC-ADOPT-HE-0303,PRL-MIR-028-O1,HITACHI,Italy,Venice,Khalifa port,MSC LUCIANA,85353090,SEK,1220152.0
HVDC-ADOPT-HE-0304,PRL-MIR-028-O2,HITACHI,Italy,Venice,Khalifa port,MSC LUCIANA,85353090,SEK,1220152.0
HVDC-ADOPT-HE-0305,PRL-SHU-040-O2,HITACHI,Italy,Venice,Khalifa port,MSC LUCIANA,85353090,SEK,793768.6
HVDC-ADOPT-HE-0306,PRL-SHU-040-O1,HITACHI,Italy,Venice,Khalifa port,MSC LUCIANA,85353090,SEK,793768.6
HVDC-ADOPT-HE-0307,PRL-SHU-043-A2,HITACHI,SWEDEN,Malmoe,Abu Dhabi Airport,EK9316,85401098,SEK,1133270.0
HVDC-ADOPT-HE-0308,PRL-DAS-028-O1,HITACHI,BELGIUM,Antwerp,Khalifa port,ANE MAERSK,85049090,SEK,18570.41
HVDC-ADOPT-HE-0309-1,PRL-DAS-028-O2-1,HITACHI,BELGIUM,Antwerp,Khalifa port,ANE MAERSK,85049090,SEK,17916.46
HVDC-ADOPT-HE-0309-2,PRL-DAS-028-O2-2,HITACHI,BELGIUM,Antwerp,Khalifa port,ALETTE MAERSK,85049090,SEK,17916.46
HVDC-ADOPT-HE-0310-1,PRL-DAS-028-O3-1,HITACHI,BELGIUM,Antwerp,Khalifa port,ANE MAERSK,85049090,SEK,15834.13
HVDC-ADOPT-HE-0310-2,PRL-DAS-028-O3-2,HITACHI,BELGIUM,Antwerp,Khalifa port,ALETTE MAERSK,85049090,SEK,15834.13
HVDC-ADOPT-HE-0311-1,PRL-SHU-045-O,HITACHI,BELGIUM,Antwerp,Khalifa port,ANE MAERSK,85049090,SEK,15857.62
HVDC-ADOPT-HE-0311-2,PRL-SHU-045-O2,HITACHI,BELGIUM,Antwerp,Khalifa port,ALETTE MAERSK,85049090,SEK,15857.62
HVDC-ADOPT-HE-0312,PRL-O-010-A1,HITACHI,ITALY,Milan,Abu Dhabi Airport,EY0082,85321000,SEK,291794.4
HVDC-ADOPT-HE-0313,PRL-O-010-A2 Spare,HITACHI,ITALY,Milan,Abu Dhabi Airport,EY0082,85321000,SEK,19051.2
HVDC-ADOPT-HE-0314,PRL-DAS-029-O,HITACHI,SWEDEN,Gothenburg,Khalifa port,ALETTE MAERSK,85371098,SEK,1133270.0
HVDC-ADOPT-HE-0315,PRL-CS-024-O2,HITACHI,BELGIUM,Antwerp,Khalifa port,MORNING PEACE,85332900,SEK,362330.6
HVDC-ADOPT-HE-0316,PRL-CS-024-O2 SPARE,HITACHI,BELGIUM,Antwerp,Khalifa port,MORNING PEACE,85332900,SEK,362330.6
HVDC-ADOPT-HE-0317-1,PRL-SHU-046-A1,HITACHI,SWEDEN,Billund,Abu Dhabi Airport,EY,85371098,SEK,566635.0
HVDC-ADOPT-HE-0317-2,PRL-SHU-046-A2,HITACHI,SWEDEN,Billund,Abu Dhabi Airport,EY,85471098,SEK,566635.0
HVDC-ADOPT-HE-0317-3,PRL-SHU-046-A3,HITACHI,SWEDEN,Billund,Abu Dhabi Airport,EY,85571098,SEK,566635.0
HVDC-ADOPT-HE-0318-1,PRL-SHU-047-A1,HITACHI,SWEDEN,Billund,Abu Dhabi Airport,EY,85371098,SEK,566635.0
HVDC-ADOPT-HE-0318-2,PRL-SHU-047-A2,HITACHI,SWEDEN,Billund,Abu Dhabi Airport,EY,85371098,SEK,566635.0
HVDC-ADOPT-HE-0318-3,PRL-SHU-047-A3,HITACHI,SWEDEN,Billund,Abu Dhabi Airport,EY,85371098,SEK,566635.0
HVDC-ADOPT-HE-0318-4,PRL-SHU-047-A4,HITACHI,SWEDEN,Billund,Abu Dhabi Airport,EY,85371098,SEK,566635.0
HVDC-ADOPT-HE-0319-1,PRL-SHU-049-A1,HITACHI,Denmark,Billund,Abu Dhabi Airport,EY,85371098,SEK,566635.0
HVDC-ADOPT-HE-0319-2,PRL-SHU-049-A2,HITACHI,Denmark,Billund,Abu Dhabi Airport,EY,85371098,SEK,566635.0
HVDC-ADOPT-HE-0319-3,PRL-SHU-049-A3,HITACHI,Denmark,Billund,Abu Dhabi Airport,EY,85371098,SEK,566635.0
HVDC-ADOPT-HE-0320,PRL-ZAK-017-O1,HITACHI,BELGIUM,Antwerp,Khalifa port,MAERSK HERRERA,85049090,SEK,32581.87
HVDC-ADOPT-HE-0321,PRL-MIR-031-O1,HITACHI,BELGIUM,Antwerp,Khalifa port,MAERSK HAMBURG,85049090,SEK,20273.99
HVDC-ADOPT-HE-0322,PRL-DAS-031-O1,HITACHI,SWEDEN,Gothenburg,Khalifa port,Maersk Hamburg,85371098,SEK,566635.0
HVDC-ADOPT-HE-0323,PRL-ZAK-017-O2,HITACHI,BELGIUM,Antwerp,Khalifa port,MAERSK HORSBURGH,85049090,SEK,16630.06
HVDC-ADOPT-HE-0324,PRL-MIR-031-O2,HITACHI,BELGIUM,Antwerp,Khalifa port,MAERSK HORSBURGH,85049090,SEK,10646.28
HVDC-ADOPT-HE-0325-1,PRL-DAS-031-O2,HITACHI,SWEDEN,Gothenburg,Khalifa port,MSC LORETO,85421098,SEK,566635.0
HVDC-ADOPT-HE-0325-2,PRL-DAS-031-O3,HITACHI,SWEDEN,Gothenburg,Khalifa port,MSC LORETO,85371098,SEK,566635.0
HVDC-ADOPT-HE-0326,PRL-DAS-031-A4,HITACHI,Denmark,Billund,Abu Dhabi Airport,EY918,85431098,SEK,566635.0
HVDC-ADOPT-HE-0327,PRL- CS-034-O,HITACHI,India,Visakhapatnam,Khalifa port,MSC SABRINA,85044090,SEK,37812.65
HVDC-ADOPT-HE-0328,PRL-SHU-048-O2,HITACHI,MALAYSIA,Port Klang,Khalifa port,CSCL GLOBE,85044090,USD,26223.05
HVDC-ADOPT-HE-0329,PRL-MIR-034-O,HITACHI,BELGIUM,Antwerp,Khalifa port,MSC MIRJA,85321000,SEK,318979.5
HVDC-ADOPT-HE-0330,PRL-O-025-O,HITACHI,CHINA,Shanghai,Khalifa port,CSCL GLOBE,76149000,SEK,184421.1
HVDC-ADOPT-HE-0331,PRL-CS-028-O,HITACHI,SWEDEN,Gothenburg,Khalifa port,Maersk Hamburg,85469090,SEK,78705.0
HVDC-ADOPT-HE-0332,PRL-DAS-013-O5,HITACHI,SWEDEN,Gothenburg,Khalifa port,MSC LORETO,84198910,SEK,530298.2
HVDC-ADOPT-HE-0333,PRL-SHU-008-O8,HITACHI,SWEDEN,Gothenburg,Khalifa port,MSC LORETO,84198910,SEK,519218.1
HVDC-ADOPT-HE-0336,PRL-ZAK-019-O,HITACHI,BELGIUM,Antwerp,Khalifa port,MSC MIRJA,85321000,SEK,407585.0
HVDC-ADOPT-HE-0337,PRL-CS-035-O1,HITACHI,BELGIUM,Antwerp,Khalifa port,MSC MIRJA,76149000,SEK,95025.42
HVDC-ADOPT-HE-0338,PRL-CS-035-O2,HITACHI,BELGIUM,Antwerp,Khalifa port,MSC MIRJA,76149000,SEK,149258.6
HVDC-ADOPT-HE-0339,PRL-CS-035-O3,HITACHI,BELGIUM,Antwerp,Khalifa port,MSC MIRJA,76149000,SEK,124964.8
HVDC-ADOPT-HE-0340,PRL-CS-034-O2,HITACHI,India,Visakhapatnam,Khalifa port,MSC SABRINA,85044090,SEK,4121.0
HVDC-ADOPT-HE-0341,PRL- CS-034-O3,HITACHI,Italy,Genoa,Khalifa port,APL MIAMI,85044090,USD,43797.6
HVDC-ADOPT-HE-0342,PRL-MIR-032-O,HITACHI,Bulgaria,Varna,Khalifa port,MSC EMANUELA,85481098,SEK,546215.0
HVDC-ADOPT-HE-0343,PRL-ZAK-018-O,HITACHI,Bulgaria,Varna,Khalifa port,MSC EMANUELA,85481098,SEK,546215.0
HVDC-ADOPT-HE-0344,PRL-SHU-051-O1,HITACHI,CHINA,Shanghai,Khalifa port,MSC CLORINDA,85321000,SEK,61232.39
HVDC-ADOPT-HE-0345,PRL-SHU-051-O2 SPARE,HITACHI,CHINA,Shanghai,Khalifa port,MSC CLORINDA,85321000,SEK,6986.25
HVDC-ADOPT-HE-0346,PRL-MIR-033-O1,HITACHI,CHINA,Shanghai,Khalifa port,MSC CLORINDA,85321000,SEK,50985.59
HVDC-ADOPT-HE-0347,PRL-MIR-033-O2 SPARE,HITACHI,CHINA,Shanghai,Khalifa port,MSC CLORINDA,85321000,SEK,6986.25
HVDC-ADOPT-HE-0348,PRL-CS-033-O1,HITACHI,CHINA,Shanghai,Khalifa port,MSC CLORINDA,85321000,SEK,117393.9
HVDC-ADOPT-HE-0349,PRL-CS-033-O2 Spare,HITACHI,CHINA,Shanghai,Khalifa port,MSC CLORINDA,85321000,SEK,2933.55
HVDC-ADOPT-HE-0350,PRL-CS-037-O,HITACHI,United Kingdom,LONDON GATEWAY,Khalifa port,MSC MIRJA,90011090,SEK,198141.2
HVDC-ADOPT-HE-0351,PRL-MIR-026-O,HITACHI,United Kingdom,LONDON GATEWAY,Khalifa port,MSC MIRJA,90011090,SEK,173270.1
HVDC-ADOPT-HE-0352,PRL-CS-036-O1,HITACHI,Bulgaria,Varna,Khalifa port,MSC ORSOLA,85321000,SEK,624044.9
HVDC-ADOPT-HE-0353,PRL-CS-036-O2 Spare,HITACHI,Bulgaria,Varna,Khalifa port,MSC ORSOLA,85321000,SEK,123322.5
HVDC-ADOPT-HE-0354,PRL- DAS-030-O2,HITACHI,MALAYSIA,Port Klang,Khalifa port,Cosco Shipping Aquarius,85044090,USD,26223.05
HVDC-ADOPT-HE-0356,PRL-MIR-010-A5,HITACHI,Denmark,Billund,Abu Dhabi Airport,QR9250A,84198910,SEK,331436.4
HVDC-ADOPT-HE-0357,PRL-ZAK-020-O,HITACHI,MALAYSIA,Port Klang,Khalifa port,ITAL UNIVERSO,85044090,SEK,26223.05
HVDC-ADOPT-HE-0358,PRL-MIR-035-O,HITACHI,MALAYSIA,Port Klang,Khalifa port,ITAL UNIVERSO,85044090,SEK,26223.05
HVDC-ADOPT-HE-0359,PRL-DAS-013-O7,HITACHI,SWEDEN,Gothenburg,Khalifa port,MSC ILARIA,84198910,SEK,757303.4
HVDC-ADOPT-HE-0360,PRL-MIR-010-A7,HITACHI,Denmark,Billund,Abu Dhabi Airport,EY,84198910,SEK,331436.4
HVDC-ADOPT-HE-0361,PRL-MIR-010-A8,HITACHI,Denmark,Billund,Abu Dhabi Airport,EY,84198910,SEK,331436.4
HVDC-ADOPT-HE-0362,PRL-O-032-O,HITACHI,SWEDEN,Gothenburg,Khalifa port,MSC SIXIN,82041100,SEK,30884.0
HVDC-ADOPT-HE-0363,PRL-MIR-039-A,HITACHI,Estonia,Talinn,Abu Dhabi Airport,EY9903,85447700,SEK,292688.6
HVDC-ADOPT-HE-0364,PRL-O-026-O1,HITACHI,Shanhai,China,Khalifa port,MSC LAUREN,8532 1000,SEK,87690.6
HVDC-ADOPT-HE-0365,PRL-O-026-O2 Spare,HITACHI,Shanhai,China,Khalifa port,MSC LAUREN,8532 1000,SEK,3507.3
HVDC-ADOPT-HE-0366,PRL-SHU-055-O,HITACHI,Shanhai,China,Khalifa port,MSC LAUREN,8532 1000,SEK,61232.39
HVDC-ADOPT-HE-0368-1,PRL-SHU-056-A1,HITACHI,CHINA,Shanghai,Abu Dhabi Airport,CES237,85462000,EUR,2151.0
HVDC-ADOPT-HE-0368-2,PRL-SHU-056-A2,HITACHI,China,Shanghai,Abu Dhabi Airport,CES,8546 2000,EUR,2365.38
HVDC-ADOPT-HE-0368-3,PRL-SHU-056-A3,HITACHI,CHINA,Shanghai,Abu Dhabi Airport,CES9912,85321000,EUR,2823.0
HVDC-ADOPT-HE-0368-4,PRL-SHU-056-A4,HITACHI,CHINA,Shanghai,Abu Dhabi Airport,CES237,85462000,EUR,1648.4
HVDC-ADOPT-HE-0368-5,PRL-SHU-056-A5,HITACHI,CHINA,Shanghai,Abu Dhabi Airport,CES9912,85462000,EUR,2430.91
HVDC-ADOPT-HE-0368-6,PRL-SHU-056-A6,HITACHI,CHINA,Shanghai,Abu Dhabi Airport,CES237,85462000,EUR,2219.0
HVDC-ADOPT-HE-0368-7,PRL-SHU-056-A7,HITACHI,China,Shanghai,Abu Dhabi Airport,CES,8546 2000,EUR,3676.0
HVDC-ADOPT-HE-0369,PRL-SHU-057-A,HITACHI,Austria,Linz,Abu Dhabi Airport,EY,85043300,EUR,9655.4
HVDC-ADOPT-HE-0370,PRL-MIR-040-A,HITACHI,Austria,Linz,Abu Dhabi Airport,EY,85043300,EUR,9564.4
HVDC-ADOPT-HE-0371,PRL-CS-040-A,HITACHI,Austria,Linz,Abu Dhabi Airport,EY,85043300,EUR,9545.6
HVDC-ADOPT-HE-0372,PRL-SHU-059-A,HITACHI,Austria,Vienna,Abu Dhabi Airport,EY,85369010,EUR,5315.7
HVDC-ADOPT-HE-0373,PRL-SHU-062-A1,HITACHI,Denmark,Copenhagen,Abu Dhabi Airport,EY,85352900,SEK,76923.0
HVDC-ADOPT-HE-0374,PRL-MIR-010-O9,HITACHI,SWEDEN,Gothenburg,Khalifa port,MSC SIXIN,84198910,SEK,165718.2
HVDC-ADOPT-HE-0375,PRL-SHU-062-A2 Spare,HITACHI,Denmark,Copenhagen,Abu Dhabi Airport,EY,85352900,SEK,29295.0
HVDC-ADOPT-HE-0376,PRL-DAS-013-O8,HITACHI,SWEDEN,Gothenburg,Khalifa port,MSC SIXIN,84198910,SEK,82859.1
HVDC-ADOPT-HE-0377,PRL-MIR-010-O10,HITACHI,SWEDEN,Gothenburg,Khalifa port,MSC SIXIN,84198910,SEK,124288.7
HVDC-ADOPT-HE-0378,PRL-MIR-041-O,HITACHI,SWEDEN,Gothenburg,Khalifa port,MSC GIUSY,85354000,SEK,252112.5
HVDC-ADOPT-HE-0379,PRL-MIR-041-O-Spare,HITACHI,SWEDEN,Gothenburg,Khalifa port,MSC GIUSY,85354000,SEK,252112.5
HVDC-ADOPT-HE-0380,PRL-ZAK-022-O,HITACHI,BELGIUM,Antwerp,Khalifa port,MSC GIUSY,85354000,SEK,173565.0
HVDC-ADOPT-HE-0381,PRL-ZAK-022-O-Spare,HITACHI,BELGIUM,Antwerp,Khalifa port,MSC GIUSY,85354000,SEK,173565.0
HVDC-ADOPT-HE-0382,PRL-CS-038-O,HITACHI,India,Ennore,Khalifa port,MSC MONICA III,85371098,SEK,546215.0
HVDC-ADOPT-HE-0383,PRL-DAS-036-O1,HITACHI,SWEDEN,Gothenburg,Khalifa port,MSC GIUSY,85392900,SEK,707450.0
HVDC-ADOPT-HE-0384,PRL-DAS-036-O2 Spare,HITACHI,SWEDEN,Gothenburg,Khalifa port,MSC GIUSY,85352900,SEK,707450.0
HVDC-ADOPT-HE-0385-1,PRL-ZAK-021-O,HITACHI,SWEDEN,Gothenburg,Khalifa port,MSC GIUSY,85352900,SEK,621426.3
HVDC-ADOPT-HE-0385-2,PRL-ZAK-021-O2,HITACHI,BELGIUM,Antwerp,Khalifa port,MSC GIUSY,85352900,SEK,621426.3
HVDC-ADOPT-HE-0386,PRL-ZAK-021-O Spare,HITACHI,SWEDEN,Gothenburg,Khalifa port,MSC GIUSY,85352900,SEK,621426.3
HVDC-ADOPT-HE-0387-1,PRL-SHU-053-O,HITACHI,SWEDEN,Gothenburg,Khalifa port,MSC GIUSY,85352900,SEK,649050.0
HVDC-ADOPT-HE-0387-2,PRL-SHU-053-O2,HITACHI,BELGIUM,Antwerp,Khalifa port,MSC GIUSY,85352900,SEK,649050.0
HVDC-ADOPT-HE-0388,PRL-SHU-053-O Spare,HITACHI,SWEDEN,Gothenburg,Khalifa port,MSC GIUSY,85352900,SEK,649050.0
HVDC-ADOPT-HE-0389,PRL-SHU-053-O,HITACHI,SWEDEN,Gothenburg,Khalifa port,MSC GIUSY,85352900,SEK,649050.0
HVDC-ADOPT-HE-0390,PRL-SHU-053-O Spare,HITACHI,SWEDEN,Gothenburg,Khalifa port,MSC GIUSY,85352900,SEK,649050.0
HVDC-ADOPT-HE-0391,PRL-MIR-037-O,HITACHI,SWEDEN,Gothenburg,Khalifa port,MSC GIUSY,85352900,SEK,649050.0
HVDC-ADOPT-HE-0392,PRL-MIR-037-O Spare,HITACHI,SWEDEN,Gothenburg,Khalifa port,MSC GIUSY,85352900,SEK,649050.0
HVDC-ADOPT-HE-0393,PRL-ZAK-023-O1,HITACHI,SWEDEN,Gothenburg,Khalifa port,MSC GIUSY,85353090,SEK,521175.0
HVDC-ADOPT-HE-0394,PRL-ZAK-023-O2 Spare,HITACHI,SWEDEN,Gothenburg,Khalifa port,MSC GIUSY,85353090,SEK,521175.0
HVDC-ADOPT-HE-0395,PRL-MIR-042-O,HITACHI,BELGIUM,Antwerp,Khalifa port,MSC VERONA,8536 9010,EUR,13759.0
HVDC-ADOPT-HE-0396,PRL-DAS-037-O,HITACHI,BELGIUM,Antwerp,Khalifa port,MSC VERONA,8536 9010,EUR,13215.4
HVDC-ADOPT-HE-0397,PRL-ZAK-024-O,HITACHI,BELGIUM,Antwerp,Khalifa port,MSC VERONA,8536 9010,EUR,13711.25
HVDC-ADOPT-HE-0398,PRL-SHU-027-A,HITACHI,NETHERLANDS,Amsterdam,Abu Dhabi Airport,EY,8535 4000,SEK,228772.0
HVDC-ADOPT-HE-0399,PRL-SHU-027-A Spare,HITACHI,NETHERLANDS,Amsterdam,Abu Dhabi Airport,EY,8535 4000,SEK,228772.0
HVDC-ADOPT-HE-0400,PRL-CS-040-O,HITACHI,SWEDEN,Gothenburg,Khalifa port,MSC GIUSY,73269098,SEK,331583.0
HVDC-ADOPT-HE-0401,PRL-SHU-065-A,HITACHI,Denmark,Copenhagen,Abu Dhabi Airport,EY178,7326 9098,SEK,405724.8
HVDC-ADOPT-HE-0402,PRL-DAS-021-A2 Spare,HITACHI,SWEDEN,Copenhagen,Abu Dhabi Airport,EY178,85354000,SEK,189850.5
HVDC-ADOPT-HE-0403,PRL-SHU-058-A1,HITACHI,Denmark,Copenhagen,Abu Dhabi Airport,EY178,8535 4000,SEK,252112.5
HVDC-ADOPT-HE-0404,PRL-SHU-058-A2 Spare,HITACHI,Denmark,Copenhagen,Abu Dhabi Airport,EY178,8535 4000,SEK,252112.5
HVDC-ADOPT-HE-0405,PRL-DAS-021-A1,HITACHI,SWEDEN,Copenhagen,Abu Dhabi Airport,EY178,85354000,SEK,379701.0
HVDC-ADOPT-HE-0406,PRL-DAS-033-A,HITACHI,SWEDEN,Copenhagen,Abu Dhabi Airport,EY178,85354000,SEK,173565.0
HVDC-ADOPT-HE-0407,PRL-DAS-033-A Spare,HITACHI,SWEDEN,Copenhagen,Abu Dhabi Airport,EY178,85354000,SEK,173565.0
HVDC-ADOPT-HE-0408,PRL-O-035-A,HITACHI,Denmark,Copenhagen,Abu Dhabi Airport,EY178,8504 9017,SEK,439500.0
HVDC-ADOPT-HE-0409,PRL-SHU-064-A1,HITACHI,NETHERLANDS,Amsterdam,Abu Dhabi Airport,EY918,8535 4000,SEK,1330310.0
HVDC-ADOPT-HE-0410,PRL-SHU-064-A2 spare,HITACHI,NETHERLANDS,Amsterdam,Abu Dhabi Airport,EY918,8535 4000,SEK,1330310.0
HVDC-ADOPT-HE-0411,PRL-DAS-036-A2,HITACHI,SWEDEN,Copenhagen,Abu Dhabi Airport,EY178,85352900,SEK,707450.0
HVDC-ADOPT-HE-0412,PRL-DAS-038-A,HITACHI,NETHERLANDS,Amsterdam,Abu Dhabi Airport,EY918,85321000,SEK,41325.7
HVDC-ADOPT-HE-0413,PRL-ZAK-027-O1,HITACHI,BELGIUM,Antwerp,Khalifa port,MSC VERONA,8544 7700,SEK,377136.0
HVDC-ADOPT-HE-0414,PRL-ZAK-025-O2 SPARE,HITACHI,BELGIUM,Antwerp,Khalifa port,MSC VERONA,8544 7700,SEK,125712.0
HVDC-ADOPT-HE-0415,PRL-ZAK-026-A,HITACHI,NETHERLANDS,Amsterdam,Abu Dhabi Airport,EY918,85321000,SEK,24826.3
HVDC-ADOPT-HE-0417,PRL-SHU-070-A,HITACHI,Austria,Linz,Abu Dhabi Airport,EY0511,8536 9010,EUR,3511.8
HVDC-ADOPT-HE-0418,PRL-SHU-066-A1,HITACHI,NETHERLANDS,Amsterdam,Abu Dhabi Airport,EY914,8532 1000,SEK,456617.3
HVDC-ADOPT-HE-0419,PRL-SHU-066-A2 Spare,HITACHI,NETHERLANDS,Amsterdam,Abu Dhabi Airport,EY914,8532 1000,SEK,78300.0
HVDC-ADOPT-HE-0420,PRL-CS-041-O,HITACHI,BELGIUM,Antwerp,Khalifa port,MSC VERONA,8533 1000,EUR,23272.2
HVDC-ADOPT-HE-0421,PRL-MIR-043-A1,HITACHI,NETHERLANDS,Amsterdam,Abu Dhabi Airport,EY914,8532 1000,SEK,456665.1
HVDC-ADOPT-HE-0422,PRL-MIR-043-A2 SPARE,HITACHI,NETHERLANDS,Amsterdam,Abu Dhabi Airport,EY914,8532 1000,SEK,78300.0
HVDC-ADOPT-HE-0423,PRL-MIR-047-O,HITACHI,BELGIUM,Antwerp,Khalifa port,MSC VERONA,8533 1000,EUR,23875.43
HVDC-ADOPT-HE-0424,PRL-SHU-071-O,HITACHI,BELGIUM,Antwerp,Khalifa port,MSC VERONA,8533 1000,EUR,24505.43
HVDC-ADOPT-HE-0429,PRL-ZAK-017-O3,HITACHI,BELGIUM,Antwerp,Khalifa port,MSC VERONA,8504 9090,EUR,633.7845
HVDC-ADOPT-HE-0430,PRL-CS-042-O,HITACHI,BELGIUM,Antwerp,Khalifa port,MSC VERONA,8301 4090,EUR,58923.91
HVDC-ADOPT-HE-0431,PRL-MIR-010-O11,HITACHI,BELGIUM,Antwerp,Khalifa port,MSC VERONA,8419 8910,SEK,331436.4
HVDC-ADOPT-HE-0433,PRL-DAS-039-A1,HITACHI,CHINA,Shanghai,Abu Dhabi Airport,EY9912,85462000,SEK,2336.04
HVDC-ADOPT-HE-0434,PRL-MIR-046-O,HITACHI,CHINA,Shanghai,Khalifa port,MSC EVA,8546 2000,EUR,2715.84
HVDC-ADOPT-HE-0435,PRL-DAS-039-O2,HITACHI,CHINA,Shanghai,Khalifa port,MSC EVA,8546 2000,EUR,2995.65
HVDC-ADOPT-HE-0438,PRL-ZAK-013-O,HITACHI,SWEDEN,Gothenburg,Khalifa port,MSC MELATILDE,8535 4000,SEK,1071797.0
HVDC-ADOPT-HE-0439,PRL-ZAK-013-O SPARE,HITACHI,SWEDEN,Gothenburg,Khalifa port,MSC MELATILDE,8535 4000,SEK,1071797.0
HVDC-ADOPT-HE-0440,PRL-ZAK-027-O,HITACHI,SWEDEN,Gothenburg,Khalifa port,MSC MELATILDE,8535 4000,SEK,446513.0
HVDC-ADOPT-HE-0441,PRL-ZAK-027-O Spare,HITACHI,SWEDEN,Gothenburg,Khalifa port,MSC MELATILDE,8535 4000,SEK,446513.0
HVDC-ADOPT-HE-0442,PRL-SHU-063-T,HITACHI,Turkey,Izmit,Khalifa port,Delphis Bothnia,8537 1010,AED,81455.41
HVDC-ADOPT-HE-0443,PRL-ZAK-029-A,HITACHI,Denmark,Copenhagen,Abu Dhabi Airport,EY178,73181595,SEK,27738.78
HVDC-ADOPT-HE-0444,PRL-MIR-050-A,HITACHI,Denmark,Copenhagen,Abu Dhabi Airport,EY178,73181595,SEK,38314.7
HVDC-ADOPT-HE-0445,PRL-SHU-073-A1,HITACHI,Denmark,Copenhagen,Abu Dhabi Airport,EY178,73181595,SEK,73588.38
HVDC-ADOPT-HE-0446,PRL-DAS-041-A1,HITACHI,Denmark,Copenhagen,Abu Dhabi Airport,EY178,73181595,SEK,23706.95
HVDC-ADOPT-HE-0447,PRL-MIR-018-A,HITACHI,France,Charles De Gaulle,Abu Dhabi Airport,EY9687,8535 4000,SEK,1186242.0
HVDC-ADOPT-HE-0448,PRL-MIR-018-A Spare,HITACHI,France,Charles De Gaulle,Abu Dhabi Airport,EY9687,8535 4000,SEK,1186242.0
HVDC-ADOPT-HE-0449,PRL-SHU-077-A,HITACHI,NETHERLANDS,Amsterdam,Abu Dhabi Airport,EY918,8533 2900,EUR,21701.77
HVDC-ADOPT-HE-0450,PRL-SHU-077-O SPARE,HITACHI,BELGIUM,Antwerp,Khalifa port,MSC Cristina,8533 2900,EUR,21701.77
HVDC-ADOPT-HE-0453,PRL-SHU-076-A,HITACHI,BELGIUM,Brussels,Abu Dhabi Airport,EY058,8536 9010,EUR,3836.61
HVDC-ADOPT-HE-0454,PRL-CS-044-O SPARE,HITACHI,SWEDEN,Gothenburg,Khalifa port,MSC MELATILDE,4016 9300,SEK,433859.0
HVDC-ADOPT-HE-0459,PRL-MIR-052-O,HITACHI,BELGIUM,Antwerp,Khalifa port,MSC Cristina,8533 2900,EUR,22100.88
HVDC-ADOPT-HE-0460,PRL-MIR-052-O SPARE,HITACHI,BELGIUM,Antwerp,Khalifa port,MSC Cristina,8533 2900,EUR,22100.88
HVDC-ADOPT-HE-0461,PRL-ZAK-029-A2,HITACHI,Denmark,Copenhagen,Abu Dhabi Airport,EY178,32141010,SEK,12946.6
HVDC-ADOPT-HE-0462,PRL-DAS-041-A2,HITACHI,Denmark,Copenhagen,Abu Dhabi Airport,EY178,73181595,SEK,17477.91
HVDC-ADOPT-HE-0463,PRL-SHU-073-A2,HITACHI,Denmark,Copenhagen,Abu Dhabi Airport,EY178,73181595,SEK,22575.72
HVDC-ADOPT-HE-0464,PRL-DAS-039-O3,HITACHI,CHINA,Shanghai,Khalifa port,MSC Marie Leslie,8546 2000,EUR,2158.65
HVDC-ADOPT-HE-0465,PRL-MIR-046-O2,HITACHI,CHINA,Shanghai,Khalifa port,MSC Marie Leslie,8546 2000,EUR,3956.538
HVDC-ADOPT-HE-0466,PRL-SHU-078-O SPARE,HITACHI,BELGIUM,Antwerp,Khalifa port,MSC MARA,8504 3300,EUR,13941.45
HVDC-ADOPT-HE-0467,PRL-CS-046-O SPARE,HITACHI,BELGIUM,Antwerp,Khalifa port,MSC MARA,8504 3300,EUR,13805.1
HVDC-ADOPT-HE-0468,PRL-MIR-053-O SPARE,HITACHI,BELGIUM,Antwerp,Khalifa port,MSC MARA,8504 3300,EUR,13838.85
HVDC-ADOPT-HE-0469,PRL-DAS-041-A3,HITACHI,Denmark,Copenhagen,Abu Dhabi Airport,EY178,73181595,SEK,135501.0
HVDC-ADOPT-HE-0470,PRL-ZAK-030-O,HITACHI,CHINA,Shanghai,Khalifa port,MSC Marie Leslie,8546 2000,EUR,4181.76
HVDC-ADOPT-HE-0477-1,PRL-SHU-079-A1,HITACHI,NETHERLANDS,Amsterdam,Abu Dhabi Airport,EY918,7326 9098,SEK,405882.0
HVDC-ADOPT-HE-0477-2,PRL-SHU-079-A2,HITACHI,NETHERLANDS,Amsterdam,Abu Dhabi Airport,EY914,7610 9090,SEK,405882.0
HVDC-ADOPT-HE-0480,PRL-DAS-037-A,HITACHI,Austria,Linz,Abu Dhabi Airport,EY0154,8536 9010,EUR,9530.852
HVDC-ADOPT-HE-0482,PRL-CS-045-O,HITACHI,SWEDEN,Gothenburg,Khalifa port,MSC MELATILDE,8535 9000,SEK,194868.7
HVDC-ADOPT-HE-0487,PRL-ZAK-010-A5,HITACHI,NETHERLANDS,Amsterdam,Abu Dhabi Airport,EY9858,8419 8910,SEK,331436.4
HVDC-ADOPT-HE-0488,PRL-MIR-054-A,HITACHI,NETHERLANDS,Amsterdam,Abu Dhabi Airport,EY914,8535 9000,SEK,405924.5
HVDC-ADOPT-HE-0493,PRL-CS-047-A,HITACHI,Denmark,Copenhagen,Abu Dhabi Airport,EY178,4016 9300,EUR,5503.98
HVDC-ADOPT-HE-0495,PRL-ZAK-013-A1,HITACHI,Denmark,Copenhagen,Abu Dhabi Airport,EY,8535 4000,SEK,238177.1
HVDC-ADOPT-HE-0496,PRL-MIR-018-A2,HITACHI,Denmark,Copenhagen,Abu Dhabi Airport,EY,8535 4000,SEK,263609.4
HVDC-ADOPT-HE-0497,PRL-DAS-037-A3,HITACHI,NETHERLANDS,Amsterdam,Abu Dhabi Airport,EY419,8536 9010,EUR,4755.578
HVDC-ADOPT-HE-LOC-0001,,HITACHI,,,,,,,
HVDC-ADOPT-HE-LOC-0004,,HITACHI,,,,,,,
HVDC-ADOPT-HE-LOC-0007,,HITACHI,,,,,,,
HVDC-ADOPT-HE-LOC-0008,,HITACHI,,,,,,,
