NO,SCT_SHIP__NO,MR,COMMERCIAL_INVOICE_NO,INVOICE_DATE,PO_NO,VENDOR,CATEGORY,MAIN_DESCRIPTION_(PO),SUB_DESCRIPTION,SHU,DAS,MIR,AGI,INCOTERMS,CURRENCY,INVOICE_VALUE,FREIGHT,INSURANCE,CIF_VALUE,COE,POL,POD,BL_NO_AWB_NO,VESSEL_NAME_FLIGHT_NO,FORWARDER,SHIP_MODE,PKG,20DC,40DC,40HQ,45HQ,20OT(IN),20OT(OH),40OT(IN),40OT(OH),20FR(IN),40FR(IN),20FR(FV),40FR(OW),"20FR(OW,OH)","40FR(OW,OH)","40FR(OW,OL)",LCL,QTY_OF_CNTR,G_BULK,O_BULK,H_BULK,GWT(KG),CBM,R/T(GRAND-_TOTAL),A_CWT(KG),ETD,ATD,ETA,ATA,ATTESTATION_DATE,DO_COLLECTION,CUSTOMS_START,CUSTOMS_CLOSE,CUSTOM_CODE,DUTY_AMT,VAT_AMT,SHU2,MIR3,DAS4,AGI5,DSV_INDOOR,DSV_OUTDOOR,DSV_MZD,DSV_KIZAD,JDN_MZD,JDN_WATERFRONT,MOSB,AAA_STORAGE,ZENER_(WH),HAULER_DG_STORAGE,VIJAY_TANKS,FLOW_CODE,FLOW_DESCRIPTION
51,HVDC-ADOPT-SCT-0001,E08,HVDC-ADOPT-SCT-0001,2024-02-15,5000761114,Dong Yang,Elec,Cathodic Protection,Cathodic Protection Systems (1st),O,,O,,FOB,USD,38253.9,1020.0,535.55,39809.45,KOREA,Busan Port,Khalifa port,290-700-2402-027,YM WIDTH,,C,10,,,1.0,,,,,,,,,,,,,,1.0,,,,3408.0,11.24,11.24,,2024-02-15,2024-02-15,2024-03-22,2024-03-22,2024-02-16,2024-03-19,2024-03-21,2024-03-21,47150.0,5370.0,7579.0,2024-03-28,,,,,,,,,,,,,,,1,Port → Site
52,HVDC-ADOPT-SCT-0002,M01,HVDC-ADOPT-SCT-0002,2024-04-23,5000734812,Excellift,Mech,Crane and Hoist,Crane and Hoist (1st),O,O,,,FOB,USD,85700.0,7200.0,1030.0,93930.0,MALAYSIA,Port Klang,Khalifa port,KUL00001170,ALS FLORA,,C,16,1.0,,1.0,,,,,,,2.0,,,,,,,4.0,,,,15149.0,59.3,59.3,,2024-04-25,2024-04-25,2024-05-11,2024-05-11,2024-05-03,2024-05-13,2024-05-13,2024-05-13,47150.0,17248.0,18110.0,2024-05-16,,2024-05-15,,,,,,,,,,,,,1,Port → Site
168,HVDC-ADOPT-SCT-0004,M01,HVDC-ADOPT-SCT-0004,2024-06-04,5000734812,Excellift,Mech,Crane and Hoist,Crane and Hoist (2nd),O,,,O,FOB,USD,56460.0,3900.0,846.9,61206.9,MALAYSIA,Port Klang,Khalifa port,KUL00001329,TS KEELUNG,,C,13,,2.0,,,,,,,,,,,,,,,2.0,,,,7122.0,27.47,27.47,,2024-06-21,2024-06-21,2024-07-19,2024-07-19,2024-07-03,2024-07-23,2024-07-23,2024-07-23,47150.0,11240.0,11801.0,2024-07-30,,,2024-08-14,,,,,,,,,,,,1,Port → Site
181,HVDC-ADOPT-SCT-0008,M01,HVDC-ADOPT-SCT-0008,2024-06-04,5000734812,Excellift,Mech,Crane and Hoist,Crane and Hoist (4th),,,O,O,FOB,USD,65400.0,3800.0,981.0,70181.0,MALAYSIA,Port Klang,Khalifa port,KUL00001351,TONSBERG,,C,5,,,,,,,,,,,,2.0,,,,,2.0,,,,9300.0,38.78,38.78,,2024-06-28,2024-06-28,2024-07-25,2024-07-25,2024-07-10,2024-07-25,2024-07-26,2024-07-26,47150.0,12887.0,13531.0,,2024-07-30,,,,,,,,,,,,,,1,Port → Site
189,HVDC-ADOPT-SCT-0006,E08,HVDC-ADOPT-SCT-0006,2024-06-19,5000789074,TaeHwa,Elec,Cable Tray System,Cable Tray System (2nd),O,,O,,FOB,USD,146515.9,14400.0,1758.19,162674.09,KOREA,Busan Port,Khalifa port,290-700-2406-028,HMM DREAM,,C,38,1.0,,7.0,,,,,,,,,,,,,,8.0,,,,84803.0,369.36,369.36,,2024-06-19,2024-06-19,2024-07-30,2024-07-30,2024-06-21,2024-07-30,2024-07-30,2024-07-30,47150.0,29872.0,31365.0,2024-08-12,2024-08-12,,,,,,,,,,,,,,1,Port → Site
227,HVDC-ADOPT-SCT-0013,E08,HVDC-ADOPT-SCT-0013,2024-07-19,5000789074,TaeHwa,Elec,Cable Tray System,Cable Tray System (4th),O,,O,,FOB,USD,323098.2,25600.0,3877.18,352575.38,KOREA,Busan Port,Khalifa port,290-700-2407-079,HMM RAON,Deugro,C,78,,,16.0,,,,,,,,,,,,,,16.0,,,,219962.0,867.79,867.79,,2024-07-19,2024-07-19,2024-08-28,2024-08-28,2024-07-26,2024-08-26,2024-08-27,2024-08-27,47150.0,64742.0,67979.0,2024-09-14,2024-09-06,,,,,,,,,,,,,,1,Port → Site
282,HVDC-ADOPT-SCT-0018,E08,HVDC-ADOPT-SCT-0018,2024-09-25,5000802593,Sangdong,Elec,Steel Conduit,Steel Conduit (1st),O,O,O,O,FOB,USD,147719.16,8000.0,1772.63,157491.79,KOREA,Busan Port,Khalifa port,290-700-2409-040,HMM RAON,Deugro,C,19,,,5.0,,,,,,,,,,,,,,5.0,,,,70920.0,115.73,115.73,,2024-09-26,2024-09-26,2024-11-04,2024-11-04,2025-04-10,2024-11-06,2024-11-06,2024-11-06,47150.0,28920.0,30365.0,2024-11-13,2024-11-18,2024-12-11,2024-12-11,,,,,,,,,,,,1,Port → Site
283,HVDC-ADOPT-SCT-0015,E08,HVDC-ADOPT-SCT-0015,2024-09-26,5000735555,LS Cable,Elec,400kv Power Cable,400kv Power Cable (1st),,,O,,FOB,USD,1996172.3,14400.0,23954.07,2034526.37,KOREA,Busan Port,Khalifa port,290-700-2409-039,HMM Raon,Deugro,C,9,,,,,,,,,9.0,,,,,,,,9.0,,,,254971.0,438.57,438.57,,2024-09-26,2024-09-26,2024-11-04,2024-11-04,2025-04-17,2024-11-04,2024-11-05,2024-11-05,47150.0,373590.0,392269.0,,2024-11-26,,,,,,,,,,,,,,1,Port → Site
288,HVDC-ADOPT-SCT-0019,E08,HVDC-ADOPT-SCT-0019,2024-10-01,5000789074,TaeHwa,Elec,Cable Tray System,Cable Tray System (7th),,,O,O,FOB,USD,185281.41,16000.0,2223.38,203504.79,KOREA,Busan Port,Khalifa port,290-700-2409-057,HMM Daon,Deugro,C,47,,,10.0,,,,,,,,,,,,,,10.0,,,,129578.0,406.72,406.72,,2024-10-01,2024-10-01,2024-11-11,2024-11-11,2025-04-16,2024-11-12,2024-11-12,2024-11-12,47150.0,37369.0,39237.0,2025-01-17,2025-01-02,,2025-04-21,,,,,,,,,,,,1,Port → Site
289,HVDC-ADOPT-SCT-0020,E08,HVDC-ADOPT-SCT-0020,2024-10-01,5000735555,LS Cable,Elec,400kv Power Cable,400kv Power Cable (2nd),,,O,,FOB,USD,1979727.86,14400.0,23954.07,2018081.93,KOREA,Busan Port,Khalifa port,290-700-2409-058,HMM Daon,Deugro,C,9,,,,,,,,,9.0,,,,,,,,9.0,,,,253128.0,438.57,438.57,,2024-10-01,2024-10-01,2024-11-11,2024-11-11,2025-04-17,2024-11-12,2024-11-12,2024-11-12,47150.0,370218.0,388729.0,,2024-12-01,,,,,,,,,,,,,,1,Port → Site
290,HVDC-ADOPT-SCT-0027,E08,HVDC-ADOPT-SCT-0027,2024-10-09,5000801116,Bansuk,Elec,Lighting and Small Power Sysytem,Flood Light,,O,O,,FOB,USD,1030.0,1235.73,27.19,2292.92,CHINA,Shenzhen,Abu Dhabi Airport,921-46552590,O3139,Deugro,A,10,,,,,,,,,,,,,,,,,0.0,,,,51.0,0.83,0.83,,2024-11-10,2024-11-10,2024-11-11,2024-11-11,2025-04-10,2024-11-12,2024-11-12,2024-11-12,47150.0,645.0,677.0,,2024-11-14,2024-11-14,,,,,,,,,,,,,1,Port → Site
306,HVDC-ADOPT-SCT-0033,E08,HVDC-ADOPT-SCT-0033,2024-11-21,5000801116,Bansuk,Elec,Lighting and Small Power Sysytem,Ondo G3 LW20000-840 ET,,,O,,FOB,USD,5500.0,359.16,64.46,5923.62,Spain,Vitoria-Gasteiz,Abu Dhabi Airport,157-37906632,QR150,Deugro,A,1,,,,,,,,,,,,,,,,,0.0,,,,82.0,0.72,0.72,,2024-11-21,2024-11-21,2024-11-23,2024-11-23,2025-04-16,2024-11-25,2024-11-25,2024-11-25,47150.0,1088.0,1142.0,,2024-11-26,,,,,,,,,,,,,,1,Port → Site
325,HVDC-ADOPT-SCT-0023,E08,HVDC-ADOPT-SCT-0023,2024-11-09,5000735555,LS Cable,Elec,400kv Power Cable,400kv Power Cable (3rd),O,,O,,FOB,USD,9138683.72,261361.43,103400.5,9503445.65,KOREA,Masan,Khalifa port,290-700-2410-098,OCEAN SUCCESS,Deugro,B,56,,,,,,,,,,,,,,,,,0.0,,,,1287821.0,2376.01,2376.01,,2024-11-09,2024-11-09,2024-12-15,2024-12-15,2025-04-16,2024-12-06,2024-12-07,2024-12-07,47150.0,1745071.0,1832324.0,2024-12-31,2025-01-02,,,,,,,,,,,,,,1,Port → Site
329,HVDC-ADOPT-SCT-0012,E08,HVDC-ADOPT-SCT-0012,2024-11-16,5000799801,LS Cable,Elec,"MV, LV & Control Cable","MV, LV & Control Cable (2nd)",O,,,,FOB,USD,860839.25,5600.0,10330.07,876769.32,KOREA,Busan Port,Khalifa port,290-700-2411-031,UMM QARN,Deugro,C,34,7.0,,,,,,,,,,,,,,,,7.0,,,,97780.0,132.65,132.65,,2024-11-16,2024-11-16,2024-12-19,2024-12-19,2025-04-12,2024-12-17,2024-12-17,2024-12-17,47150.0,160997.0,169047.0,2025-01-07,,,,,,,,,,,,,,,1,Port → Site
351,HVDC-ADOPT-SIM-0034,E04-1,HVDC-ADOPT-SIM-0034,2024-10-02,SCT-19LT-PRC-PO-005,EUPEN,Elec,400kV and 132kV New Converter GIS,Eupen Cables - SHPS for Existing GIS Modification,O,,,,CIF,EUR,,,,3108.12,BELGIUM,Antwerp,Khalifa port,17413381,CSCL NEPTUNE,SSC,C,1,,,,,,,,,,,,,,,,,0.0,,,,376.0,0.0,0.38,,2024-12-01,2024-12-01,2025-01-04,2025-01-04,2025-04-17,2025-01-07,2025-01-14,2025-01-14,47150.0,583.0,612.0,2025-01-21,,,,,,,,,,,,,,,1,Port → Site
367,HVDC-ADOPT-SCT-0046,E08,HVDC-ADOPT-SCT-0046,2025-01-25,5000801116,Bansuk,Elec,Lighting and Small Power Sysytem,Lighting & Small Power System,O,,,,FOB,USD,1759.24,530.1,19.14,2308.48,Shanghai,China,Abu Dhabi Airport,176-02272815,EK9879,Deugro,A,4,,,,,,,,,,,,,,,,,0.0,,,,62.0,0.31,0.31,,2025-01-22,2025-01-22,2025-01-26,2025-01-26,,2025-01-27,2025-01-27,2025-01-27,47150.0,424.0,445.0,2025-01-30,,,,,,,,,,,,,,,1,Port → Site
414,HVDC-ADOPT-SCT-0063,E08,HVDC-ADOPT-SCT-0063,2025-03-06,5000789074,TaeHwa,Elec,Cable Tray System,Cable Tray System (14th),O,,O,,FOB,USD,2166.0,455.0,31.45,2652.45,KOREA,Incheon,Abu Dhabi Airport,DGOS2502025,EY823,Deugro,A,2,,,,,,,,,,,,,,,,,0.0,,,,70.0,0.16,0.16,,2025-03-06,2025-03-06,2025-03-07,2025-03-07,,2025-03-07,2025-03-07,2025-03-07,47150.0,488.0,512.0,2025-03-27,2025-03-14,,,,,,,,,,,,,,1,Port → Site
419,HVDC-ADOPT-SCT-0047,E08,HVDC-ADOPT-SCT-0047,2025-01-30,5000801116,Bansuk,Elec,Lighting and Small Power Sysytem,Lighting & Small Power System,O,,,,FOB,USD,47620.0,900.0,533.72,49053.72,CHINA,Shanghai,Khalifa port,290-700-2501-182,HMM GAON,Deugro,C,6,1.0,,,,,,,,,,,,,,,,1.0,,,,2402.0,16.59,16.59,,2025-01-30,2025-01-30,2025-03-07,2025-03-07,2025-04-17,2025-03-07,2025-03-07,2025-03-07,47150.0,9008.0,9458.0,2025-03-18,,,,,,,,,,,,,,,1,Port → Site
429,HVDC-ADOPT-SCT-0069,E08,HVDC-ADOPT-SCT-0069,2025-03-15,5000801116,Bansuk,Elec,Lighting and Small Power Sysytem,Lighting & Small Power System (Lighting Fixture),O,,,,FOB,USD,52500.0,4090.24,577.5,57167.74,Spain,Barcelona,Abu Dhabi Airport,BCN318684,EY0112,,A,4,,,,,,,,,,,,,,,,,0.0,,,,913.0,5.73,5.73,,2025-03-15,2025-03-15,2025-03-15,2025-03-15,2025-04-17,2025-03-17,2025-03-17,2025-03-17,47150.0,10498.0,11022.0,2025-04-05,,,,,,,,,,,,,,,1,Port → Site
460,HVDC-ADOPT-SIM-0066,E04-1,HVDC-ADOPT-SIM-0066,2025-01-23,SCT-19LT-PRC-PO-004,STATRON,Elec,400kV and 132kV New Converter GIS,Statron Battery,O,,O,,CIF,EUR,,,,40520.0,India,Visakhapatnam,Khalifa port,BBC/ABU/17763,MSC Sabrina,,C,32,1.0,,,,,,,,,,,,,,,,1.0,,,,5028.0,6.58,6.58,,2025-02-26,2025-02-26,2025-03-31,2025-03-31,2025-04-30,2025-04-02,2025-04-07,2025-04-07,47150.0,8190.0,8596.0,2025-04-19,2025-04-19,,,,,,,,,,,,,,1,Port → Site
498,HVDC-ADOPT-SCT-0088,E08,HVDC-ADOPT-SCT-0088,2025-04-16,5000801116,Bansuk,Elec,Lighting and Small Power Sysytem,Lighting & Small Power System,O,,,,FOB,USD,6750.0,,,6750.0,Spain,Vitoria-Gasteiz,Abu Dhabi Airport,MAD-00002376,EK4607T,,A,1,,,,,,,,,,,,,,,,,0.0,,,,103.0,0.71,0.71,,2025-04-16,2025-04-16,2025-04-19,2025-04-19,2025-04-30,2025-04-22,2025-04-22,2025-04-22,47150.0,1240.0,1302.0,2025-04-23,,,,,,,,,,,,,,,1,Port → Site
516,HVDC-ADOPT-SIM-0072,E04-1,50509616-DC,2025-03-28,SCT-19LT-PRC-PO-005,Qualitrol,Elec,400kV and 132kV New Converter GIS,400kV PQMS System (WBS Element)_DC,O,,O,,CIF,USD,,,,134080.0,United Kingdom,Belfast,Abu Dhabi Airport,176-04440774,EK9067,,A,2,,,,,,,,,,,,,,,,,0.0,,,,981.0,5.5,5.5,,2024-03-24,2024-03-24,2025-04-11,2025-04-11,2025-04-28,2025-04-16,2025-04-16,2025-04-16,47150.0,24621.0,25852.0,2025-05-01,2025-04-29,,,,,,,,,,,,,,1,Port → Site
517,HVDC-ADOPT-SIM-0073,E04-1,50509616-PS,2025-03-28,SCT-19LT-PRC-PO-005,Qualitrol,Elec,400kV and 132kV New Converter GIS,400kV PQMS System (WBS Element)_PS,O,,O,,CIF,USD,,,,124400.0,United Kingdom,Belfast,Abu Dhabi Airport,176-04440800,EK9067,,A,2,,,,,,,,,,,,,,,,,0.0,,,,1080.0,5.5,5.5,,2024-03-24,2024-03-24,2025-04-11,2025-04-11,2025-04-30,2025-04-16,2025-04-16,2025-04-16,47150.0,22843.0,23985.0,2025-04-23,2025-04-23,,,,,,,,,,,,,,1,Port → Site
518,HVDC-ADOPT-SEI-0017-02,E03,HVDC-ADOPT-SEI-0017-02,2025-01-21,5000684244,Sumitomo,Elec,400kV HVDC Cable System,Oil Pressure Tank & Silicone Oil,,,,,CIF,JPY,52856179.0,12360.0,581417.89,53449956.89,JAPAN,Kobe,Khalifa port,290-700-2502-025,HONOR VOYAGER,,C,7,,,,,,,,,,2.0,,,,,,,2.0,,,,18673.0,82.6,82.6,,2025-02-10,2025-02-10,2025-04-08,2025-04-08,2025-11-30,2025-04-11,2025-04-30,2025-04-30,47150.0,68721.0,72157.0,2026-01-17,,,,,,,,,,,,,,,1,Port → Site
531,HVDC-ADOPT-SIM-0076-A,E04-1,HVDC-ADOPT-SIM-0076-A,2025-04-04,SCT-19LT-PRC-PO-004,STATRON,Elec,400kV and 132kV New Converter GIS,Charger System_MRPS,,,O,,CIF,EUR,,,,53380.0,Switzerland,Geneve,Abu Dhabi Airport,157-03237872,QR9206,,A,3,,,,,,,,,,,,,,,,,0.0,,,,1500.0,9.22,9.22,,2025-04-30,2025-04-30,2025-05-06,2025-05-06,2025-12-17,2025-05-08,2025-05-08,2025-05-08,47150.0,,52008.0,,2025-05-15,,,,,,,,,,,,,,1,Port → Site
532,HVDC-ADOPT-SIM-0076-B,E04-1,HVDC-ADOPT-SIM-0076-B,2025-04-04,SCT-19LT-PRC-PO-004,STATRON,Elec,400kV and 132kV New Converter GIS,Charger System_SHPS,O,,O,,CIF,EUR,,,,53380.0,Switzerland,Geneve,Abu Dhabi Airport,157-03237872,QR9206,,A,3,,,,,,,,,,,,,,,,,0.0,,,,1500.0,9.22,9.22,,2025-04-30,2025-04-30,2025-05-06,2025-05-06,2025-12-17,2025-05-08,2025-05-08,2025-05-08,47150.0,,,2025-05-15,,,,,,,,,,,,,,,1,Port → Site
533,HVDC-ADOPT-SIM-0076-C,E04-1,HVDC-ADOPT-SIM-0076-C,2025-04-04,SCT-19LT-PRC-PO-004,STATRON,Elec,400kV and 132kV New Converter GIS,Charger System_MRDC,,,O,,CIF,EUR,,,,71240.0,Switzerland,Geneve,Abu Dhabi Airport,157-03237872,QR9206,,A,3,,,,,,,,,,,,,,,,,0.0,,,,1835.0,9.22,9.22,,2025-04-30,2025-04-30,2025-05-06,2025-05-06,2025-12-17,2025-05-08,2025-05-08,2025-05-08,47150.0,,,,2025-05-10,,,,,,,,,,,,,,1,Port → Site
534,HVDC-ADOPT-SIM-0076-D,E04-1,HVDC-ADOPT-SIM-0076-D,2025-04-04,SCT-19LT-PRC-PO-004,STATRON,Elec,400kV and 132kV New Converter GIS,Charger System_SHDC,O,,O,,CIF,EUR,,,,71240.0,Switzerland,Geneve,Abu Dhabi Airport,157-03237872,QR9206,,A,3,,,,,,,,,,,,,,,,,0.0,,,,1850.0,9.22,9.22,,2025-04-30,2025-04-30,2025-05-06,2025-05-06,2025-12-17,2025-05-08,2025-05-08,2025-05-08,47150.0,,,2025-05-10,,,,,,,,,,,,,,,1,Port → Site
535,HVDC-ADOPT-SCT-0100,E08,HVDC-ADOPT-SCT-0100,2025-05-08,5000735555,LS Cable,Elec,"MV, LV & Control Cable",400kv Power Cable Accessories,O,,,,FOB,USD,3000.0,1768.92,4.77,4773.69,KOREA,Incheon,Abu Dhabi Airport,ELA2505051,EY823,,A,1,,,,,,,,,,,,,,,,,0.0,,,,392.0,0.97,0.97,,2025-05-08,2025-05-08,2025-05-08,2025-05-08,2025-12-17,2025-05-08,2025-05-09,2025-05-09,47150.0,877.0,920.0,2025-05-14,,,,,,,,,,,,,,,1,Port → Site
553,HVDC-ADOPT-SCT-0099,E08,HVDC-ADOPT-SCT-0099,2025-05-08,5000735555,LS Cable,Elec,"MV, LV & Control Cable",400kv Power Cable Accessories,O,,,,FOB,USD,70500.0,19337.9,89.84,89927.74,KOREA,Incheon,Abu Dhabi Airport,ELA2505050,EY323,,A,9,,,,,,,,,,,,,,,,,0.0,,,,4290.0,19.57,19.57,,2025-05-09,2025-05-09,2025-05-11,2025-05-11,2025-11-30,2025-05-09,2025-05-12,2025-05-12,47150.0,16514.0,17339.0,2025-05-17,,,,,,,,,,,,,,,1,Port → Site
585,HVDC-ADOPT-SIM-0080-C,E04-1,HVDC-ADOPT-SIM-0080-C,2025-04-28,SCT-19LT-PRC-PO-004,STATRON,Elec,400kV and 132kV New Converter GIS,Statron Battery_MRPS,,,O,,CIF,EUR,,,,29235.0,India,Visakhapatnam,Khalifa port,RSLDWC250339,MSC Sabrina,,C,20,,,,,,,,,,,,,,,,,0.0,,,,2714.0,3.98,3.98,,2025-04-29,2025-04-29,2025-05-23,2025-05-23,2025-11-30,2025-05-29,2025-05-30,2025-05-30,47150.0,,,,2025-06-03,,,,,,,,,,,,,,1,Port → Site
586,HVDC-ADOPT-SIM-0080-D,E04-1,HVDC-ADOPT-SIM-0080-D,2025-04-28,SCT-19LT-PRC-PO-004,STATRON,Elec,400kV and 132kV New Converter GIS,Statron Battery_SHPS,O,,,,CIF,EUR,,,,29235.0,India,Visakhapatnam,Khalifa port,RSLDWC250340,MSC Sabrina,,C,20,,,,,,,,,,,,,,,,,0.0,,,,2714.0,3.98,3.98,,2025-04-29,2025-04-29,2025-05-23,2025-05-23,2025-11-30,2025-05-29,2025-05-30,2025-05-30,47150.0,,,2025-06-03,,,,,,,,,,,,,,,1,Port → Site
588,HVDC-ADOPT-SCT-0104,E08,HVDC-ADOPT-SCT-0104,2025-05-20,5001004422,Roxtec,Elec,Lighting&Small Power System,Multi Cable Transit,O,,,,FOB,USD,518.06,265.0,30.0,813.06,CHINA,Shanghai,Abu Dhabi Airport,20250147,MU237,,A,1,,,,,,,,,,,,,,,,,0.0,,,,53.0,0.19,0.19,,2025-05-26,2025-05-26,2025-05-29,2025-05-29,,2025-05-30,2025-05-30,2025-05-30,47150.0,150.0,157.0,2025-06-04,,,,,,,,,,,,,,,1,Port → Site
623,HVDC-ADOPT-SCT-0116,E08,HVDC-ADOPT-SCT-0116,2025-06-05,5001004422,Roxtec,Elec,Lighting&Small Power System,Multi Cable Transit,O,,O,,FOB,USD,347739.19,13416.43,695.48,361851.1,SWEDEN,Stockholm,Abu Dhabi Airport,AF208123,QR0168,,A,8,,,,,,,,,,,,,,,,,0.0,,,,4313.0,6.34,6.34,,2025-06-15,2025-06-15,2025-06-19,2025-06-19,2025-11-30,2025-06-19,2025-06-19,2025-06-19,47150.0,66447.0,69767.0,2025-06-21,2025-06-21,,,,,,,,,,,,,,1,Port → Site
645,HVDC-ADOPT-SCT-0095,E08,HVDC-ADOPT-SCT-0095,2025-05-10,5001009797,Dong-A Bestech,Elec,Cable Gland,Cable Gland 3rd,O,,,,FOB,USD,9410.26,1600.0,121.11,11131.37,KOREA,Busan Port,Khalifa port,SEL00000093,HMM MIR,Deugro,C,1,,,,,,,,,,,,,,,,,0.0,,,,640.0,2.25,2.25,,2025-05-10,2025-05-10,2025-06-18,2025-06-18,2025-11-30,2025-06-20,2025-06-30,2025-06-30,47150.0,,,2025-07-16,,,,,,,,,,,,,,,1,Port → Site
658,HVDC-ADOPT-SCT-0097-2,E08,HVDC-ADOPT-SCT-0097-2,2025-06-01,5000735555,LS Cable,Elec,"MV, LV & Control Cable",400kv Power Cable Accessories,O,,O,,FOB,USD,26400.0,800.0,299.2,27499.2,KOREA,Busan Port,Khalifa port,SEL00000225,HMM HANBADA,Deugro,C,5,1.0,,,,,,,,,,,,,,,,1.0,,,,3226.0,6.91,6.91,,2025-06-01,2025-06-01,2025-07-10,2025-07-10,2025-12-17,2025-07-09,2025-07-10,2025-07-10,47150.0,5050.0,5302.0,2025-07-28,2025-07-28,,,,,,,,,,,,,,1,Port → Site
683,HVDC-ADOPT-SCT-0113,E08,HVDC-ADOPT-SCT-0113,2025-06-20,5000735555,LS Cable,Elec,"MV, LV & Control Cable",400kv Power Cable Accessories,O,,O,,FOB,USD,18200.0,1600.0,217.8,20017.8,KOREA,Busan Port,Khalifa port,SEL00000385,HMM GARAM,Deugro,C,10,,,1.0,,,,,,,,,,,,,,1.0,,,,8862.0,22.26,22.26,,2025-06-21,2025-06-21,2025-07-28,2025-07-28,2025-12-17,2025-07-29,2025-07-31,2025-07-31,47150.0,3676.0,3860.0,2025-08-05,2025-08-07,,,,,,,,,,,,,,1,Port → Site
685,HVDC-ADOPT-SCT-0112,E08,HVDC-ADOPT-SCT-0112,2025-06-24,5000735555,LS Cable,Elec,"MV, LV & Control Cable",400kv Power Cable Accessories,O,,O,,FOB,USD,18200.0,800.0,209.0,19209.0,KOREA,Busan Port,Khalifa port,SEL00000426,HMM NURI,Deugro,C,3,1.0,,,,,,,,,,,,,,,,1.0,,,,2180.0,4.02,4.02,,2025-06-24,2025-06-24,2025-08-03,2025-08-03,2025-11-30,2025-08-04,2025-08-04,2025-08-04,47150.0,3528.0,3704.0,2025-08-07,2025-08-07,,,,,,,,,,,,,,1,Port → Site
717,HVDC-ADOPT-SCT-0125,E08,HVDC-ADOPT-SCT-0125,2025-07-08,5000801061,Arab Steel,Elec,Communication & Security System,Anchor Bolt with Template,O,,,,FOB,USD,458.0,615.0,61.5,1134.5,Egypt,Kairo,Abu Dhabi Airport,DGL4736,ES0190,,A,1,,,,,,,,,,,,,,,,,0.0,,,,205.0,0.25,0.25,,2025-07-21,2025-07-21,2025-07-22,2025-07-22,,2025-08-13,2025-08-13,2025-08-13,47150.0,209.0,219.0,2025-08-14,,,,,,,,,,,,,,,1,Port → Site
718,HVDC-ADOPT-SCT-0120,E08,HVDC-ADOPT-SCT-0120,2025-07-12,5000735555,LS Cable,Elec,"MV, LV & Control Cable",400kv Power Cable Accessories,O,,O,,FOB,USD,31750.0,4000.0,393.25,36143.25,KOREA,Busan Port,Khalifa port,SEL00000550,HMM DAON,Deugro,C,10,1.0,,2.0,,,,,,,,,,,,,,3.0,,,,18708.0,39.85,39.85,,2025-07-12,2025-07-12,2025-08-14,2025-08-14,2025-11-30,2025-08-15,2025-08-15,2025-08-15,47150.0,6637.0,6969.0,2025-08-26,2025-08-26,,,,,,,,,,,,,,1,Port → Site
781,HVDC-ADOPT-SCT-0123,E08,HVDC-ADOPT-SCT-0123,2025-08-09,5000735555,LS Cable,Elec,"MV, LV & Control Cable",400kv Power Cable Accessories,,,O,,FOB,USD,17180.0,1600.0,206.58,18986.58,KOREA,Busan Port,Khalifa port,SEL00000771,HMM Hambada,Deugro,C,2,,,1.0,,,,,,,,,,,,,,1.0,,,,540.0,1.76,1.76,,2025-08-09,2025-08-09,2025-09-12,2025-09-12,2025-09-21,2025-09-12,2025-09-17,2025-09-17,47150.0,30459.0,80181.0,,2025-09-23,,,,,,,,,,,,,,1,Port → Site
790,HVDC-ADOPT-PPL-0020,E02,HVDC-ADOPT-PPL-0020,2025-09-26,5000675246,Prysmian,Elec,320kV HVDC Cable System,REFURBISHMENT KIT FOR CIT4229621070 (Straight Joint - GMC),,,,,CIF,EUR,2912.0,568.0,17.5,3497.5,Italy,Malpensa,Abu Dhabi Airport,607-37987994,EY082,,A,4,,,,,,,,,,,,,,,,,0.0,,,,145.0,0.3,0.3,,2025-10-01,2025-10-01,2025-10-01,2025-10-01,2025-10-14,2025-10-02,2025-10-02,2025-10-02,47150.0,756.0,793.0,,2025-10-06,,,,,,,,,,,,,,1,Port → Site
803,HVDC-ADOPT-SCT-0133,E08,HVDC-ADOPT-SCT-0133,2025-09-04,5000801061,Arab Steel,Elec,Communication & Security System,Anchor Bolt with Template,O,,,,FOB,USD,875.2,3129.94,20.03,4025.17,Egypt,Kairo,Abu Dhabi Airport,CCAP633612,CEVA EGYPT,,A,1,,,,,,,,,,,,,,,,,0.0,,,,690.0,1.88,1.88,,2025-10-02,2025-10-02,2025-10-07,2025-10-07,2025-10-21,2025-10-16,2025-10-16,2025-10-16,47150.0,740.0,776.0,2025-10-18,,,,,,,,,,,,,,,1,Port → Site
835,HVDC-ADOPT-PPL-0022,E02,HVDC-ADOPT-PPL-0022,2025-11-25,5000675246,Prysmian,Elec,320kV HVDC Cable System,REFURBISHMENT KIT FOR CIT4229621072,,,,,CIF,EUR,5440.0,520.0,33.0,5993.0,Italy,Malpensa,Abu Dhabi Airport,607-37988064,EY0080,,A,12,,,,,,,,,,,,,,,,,0.0,,,,87.0,0.26,0.26,,2025-12-02,2025-12-02,2025-12-02,2025-12-02,2025-12-16,2025-12-04,2025-12-04,2025-12-04,47150.0,,,,2025-12-09,,,,,,,,,,,,,,1,Port → Site
855,HVDC-ADOPT-SCT-0154,E08,HVDC-ADOPT-SCT-0154,2025-12-04,5000801061,Arab Steel,Elec,Communication & Security System,Towers with Accessories,O,,O,,FOB,USD,70000.0,1115.0,853.38,71968.38,Egypt,Sukhna,Khalifa port,CFA0857367,CMA CGM RHONE,,C,20,,,1.0,,,,,,,,,,,,,,1.0,,,,15730.0,50.0,50.0,,2025-12-05,2025-12-05,2025-12-28,2025-12-28,2026-01-05,2025-12-30,2025-12-30,2025-12-30,47150.0,13216.0,13876.0,2026-01-12,2026-01-13,,,,,,,,,,,,,,1,Port → Site
873,HVDC-ADOPT-SCT-0155,E08,HVDC-ADOPT-SCT-0155,2026-01-05,5111225933,LS Cable,Elec,"MV, LV & Control Cable","MV,LV & Control CableE (14th)",,,,O,FOB,USD,638532.0,6400.0,7094.25,652026.25,KOREA,Busan Port,Khalifa port,SEL00001813,HMM HANUL,Deugro,C,49,2.0,,3.0,,,,,,,,,,,,,,5.0,,,,77837.0,101.06,101.06,,2026-01-05,2026-01-05,2026-02-07,,,,,,,,,,,,,,,,,,,,,,,,1,Port → Site
874,HVDC-ADOPT-SCT-0159,E08,HVDC-ADOPT-SCT-0159,2025-12-25,5000802593,Sangdong,Elec,Steel Conduit,Steel Conduit (14th),,O,,O,FOB,USD,26483.04,1600.0,337.0,28420.04,KOREA,Busan Port,Khalifa port,SEL00001795,HMM RAON,Deugro,C,5,,,1.0,,,,,,,,,,,,,,1.0,,,,12330.0,19.24,19.24,,2025-12-28,2025-12-28,2026-02-02,,,,,,,,,,,,,,,,,,,,,,,,1,Port → Site
